-- --------------------------------------------------------
-- Host:                         127.0.0.1
-- Server version:               10.1.26-MariaDB - mariadb.org binary distribution
-- Server OS:                    Win32
-- HeidiSQL Version:             9.4.0.5125
-- --------------------------------------------------------

/*!40101 SET @OLD_CHARACTER_SET_CLIENT=@@CHARACTER_SET_CLIENT */;
/*!40101 SET NAMES utf8 */;
/*!50503 SET NAMES utf8mb4 */;
/*!40014 SET @OLD_FOREIGN_KEY_CHECKS=@@FOREIGN_KEY_CHECKS, FOREIGN_KEY_CHECKS=0 */;
/*!40101 SET @OLD_SQL_MODE=@@SQL_MODE, SQL_MODE='NO_AUTO_VALUE_ON_ZERO' */;

-- Dumping structure for table essentialmode.users
CREATE TABLE IF NOT EXISTS `users` (
  `identifier` varchar(50) COLLATE utf8mb4_bin DEFAULT NULL,
  `license` varchar(50) COLLATE utf8mb4_bin DEFAULT NULL,
  `money` int(11) DEFAULT NULL,
  `bank` int(11) DEFAULT NULL,
  `permission_level` int(11) DEFAULT NULL,
  `group` varchar(50) COLLATE utf8mb4_bin DEFAULT NULL
) ENGINE=InnoDB DEFAULT CHARSET=utf8mb4 COLLATE=utf8mb4_bin;

-- Dumping data for table essentialmode.users: ~6 rows (approximately)
/*!40000 ALTER TABLE `users` DISABLE KEYS */;
INSERT INTO `users` (`identifier`, `license`, `money`, `bank`, `permission_level`, `group`) VALUES
	('steam:11000010982dbb0', 'license:da69a32528855190248f66a0e891a5dc7751c0ec', 999999959, 100000510, 20, 'superadmin'),
	('steam:11000010693604a', 'license:4c278321b1f7aabfc0a66dc660bca8cac0aa9d04', 5000, 150, 0, 'user'),
	('steam:11000010c736191', 'license:ab0e0200c4c8a46c65286b700f998de01696369e', 5000, 0, 0, 'user'),
	('steam:11000010b5d1334', 'license:cee0c294726c01194f28c2b1c4749b1f033fabda', 1510, 50, 0, 'user'),
	('steam:11000010c594b83', 'license:d55c6daa8e406398fdc044c16aebef8094be2b64', 5000, 0, 0, 'user'),
	('steam:110000109858f51', 'license:a736616e15967dbcfbefd3c1912d20949df63bef', 5000, 50, 0, 'user');
/*!40000 ALTER TABLE `users` ENABLE KEYS */;

-- Dumping structure for table vrpfx.vrp_srv_data
CREATE TABLE IF NOT EXISTS `vrp_srv_data` (
  `dkey` varchar(255) NOT NULL,
  `dvalue` text,
  PRIMARY KEY (`dkey`)
) ENGINE=InnoDB DEFAULT CHARSET=latin1;

-- Dumping data for table vrpfx.vrp_srv_data: ~25 rows (approximately)
/*!40000 ALTER TABLE `vrp_srv_data` DISABLE KEYS */;
INSERT INTO `vrp_srv_data` (`dkey`, `dvalue`) VALUES
	('chest:u11home', '{"pills":{"amount":22},"weed":{"amount":200},"cocaine":{"amount":225},"benzoilmetilecgonina":{"amount":912},"medkit":{"amount":10},"seeds":{"amount":894}}'),
	('chest:u11veh_italia458', '[]'),
	('chest:u11veh_rs6', '[]'),
	('chest:u11veh_sentinel', '{"cocaine":{"amount":50}}'),
	('chest:u12home', '[]'),
	('chest:u12veh_polf430', '{"seeds":{"amount":5},"harness":{"amount":5},"benzoilmetilecgonina":{"amount":5}}'),
	('chest:u13home', '[]'),
	('chest:u1home', '{"cocaine":{"amount":25},"weed":{"amount":25},"seeds":{"amount":212},"lsd":{"amount":25},"harness":{"amount":214},"benzoilmetilecgonina":{"amount":206}}'),
	('chest:u1veh_dubsta3', '[]'),
	('chest:u1veh_f620', '[]'),
	('chest:u1veh_fbi', '[]'),
	('chest:u1veh_italia458', '[]'),
	('chest:u1veh_kuruma', '[]'),
	('chest:u1veh_lykan', '[]'),
	('chest:u1veh_monster', '[]'),
	('chest:u1veh_mvisiongt', '[]'),
	('chest:u1veh_polf430', '[]'),
	('chest:u1veh_r8ppi', '[]'),
	('chest:u1veh_rs6', '[]'),
	('chest:u1veh_sentinel', '[]'),
	('chest:u1veh_tyrus', '[]'),
	('chest:u24veh_fbi', '[]'),
	('chest:u36veh_rs6', '{"cocaine":{"amount":30},"weed":{"amount":100}}'),
	('chest:u3veh_police5', '[]'),
	('vRP:hidden_trs', '{"weed field":{"timestamp":1507675202,"position":[2219.6474609375,5577.1352539063,53.841640472412]}}');
/*!40000 ALTER TABLE `vrp_srv_data` ENABLE KEYS */;

-- Dumping structure for table vrpfx.vrp_users
CREATE TABLE IF NOT EXISTS `vrp_users` (
  `id` int(11) NOT NULL AUTO_INCREMENT,
  `last_login` varchar(255) DEFAULT NULL,
  `whitelisted` tinyint(1) DEFAULT NULL,
  `banned` tinyint(1) DEFAULT NULL,
  PRIMARY KEY (`id`)
) ENGINE=InnoDB AUTO_INCREMENT=43 DEFAULT CHARSET=latin1;

-- Dumping data for table vrpfx.vrp_users: ~42 rows (approximately)
/*!40000 ALTER TABLE `vrp_users` DISABLE KEYS */;
INSERT INTO `vrp_users` (`id`, `last_login`, `whitelisted`, `banned`) VALUES
	(1, '104.148.138.192 13:40:37 11/10/2017', 1, 0),
	(2, '90.91.57.163 10:13:01 27/09/2017', 0, 0),
	(3, '208.58.28.23 13:39:52 11/10/2017', 1, 0),
	(4, '166.175.60.227 13:12:07 27/09/2017', 0, 0),
	(5, '84.27.118.138 13:29:36 27/09/2017', 0, 0),
	(6, '109.153.34.35 14:38:20 27/09/2017', 0, 0),
	(7, '107.212.17.68 15:37:16 27/09/2017', 0, 0),
	(8, '95.145.108.139 16:55:29 27/09/2017', 0, 0),
	(9, '99.248.35.171 17:15:23 27/09/2017', 0, 0),
	(10, '47.144.34.200 22:35:35 27/09/2017', 0, 0),
	(11, '81.224.202.248 21:08:41 29/09/2017', 0, 1),
	(12, '2.69.29.246 21:07:20 29/09/2017', 0, 1),
	(13, '81.229.73.251 18:39:22 29/09/2017', 0, 0),
	(14, NULL, 0, 0),
	(15, '90.206.55.48 14:11:19 28/09/2017', 0, 0),
	(16, '86.188.115.91 14:18:27 28/09/2017', 0, 0),
	(17, NULL, 0, 0),
	(18, '181.118.70.84 15:01:10 28/09/2017', 0, 0),
	(19, '107.77.172.45 15:15:01 28/09/2017', 0, 0),
	(20, '86.142.29.99 17:36:48 28/09/2017', 0, 0),
	(21, '64.121.74.22 19:32:28 28/09/2017', 0, 0),
	(22, '76.20.235.115 19:44:18 28/09/2017', 0, 0),
	(23, '90.190.87.14 09:39:55 29/09/2017', 0, 0),
	(24, '2.248.82.228 11:55:13 11/10/2017', 1, 0),
	(25, '46.67.46.122 10:16:55 29/09/2017', 0, 0),
	(26, '78.66.147.152 10:48:43 29/09/2017', 0, 0),
	(27, '72.76.131.191 13:18:01 29/09/2017', 0, 0),
	(28, '71.79.34.59 14:55:24 29/09/2017', 0, 0),
	(29, '5.14.158.52 14:58:12 29/09/2017', 0, 0),
	(30, '80.220.169.221 15:08:09 29/09/2017', 0, 0),
	(31, '85.150.211.122 15:08:10 29/09/2017', 0, 0),
	(32, '81.100.17.202 15:35:56 29/09/2017', 0, 0),
	(33, NULL, 0, 0),
	(34, '75.167.126.31 15:48:14 29/09/2017', 0, 0),
	(35, NULL, 0, 0),
	(36, '83.249.225.229 17:31:15 29/09/2017', 0, 0),
	(37, '81.157.161.120 16:11:50 29/09/2017', 0, 0),
	(38, '188.248.79.110 18:42:20 29/09/2017', 0, 0),
	(39, '83.112.143.40 19:36:56 29/09/2017', 0, 0),
	(40, '73.42.217.231 19:40:57 29/09/2017', 0, 0),
	(41, '100.4.195.176 20:16:23 29/09/2017', 0, 0),
	(42, '82.32.130.185 21:13:50 29/09/2017', 0, 0);
/*!40000 ALTER TABLE `vrp_users` ENABLE KEYS */;

-- Dumping structure for table vrpfx.vrp_user_business
CREATE TABLE IF NOT EXISTS `vrp_user_business` (
  `user_id` int(11) NOT NULL,
  `name` varchar(30) DEFAULT NULL,
  `description` text,
  `capital` int(11) DEFAULT NULL,
  `laundered` int(11) DEFAULT NULL,
  `reset_timestamp` int(11) DEFAULT NULL,
  PRIMARY KEY (`user_id`),
  CONSTRAINT `fk_user_business_users` FOREIGN KEY (`user_id`) REFERENCES `vrp_users` (`id`) ON DELETE CASCADE
) ENGINE=InnoDB DEFAULT CHARSET=latin1;

-- Dumping data for table vrpfx.vrp_user_business: ~4 rows (approximately)
/*!40000 ALTER TABLE `vrp_user_business` DISABLE KEYS */;
INSERT INTO `vrp_user_business` (`user_id`, `name`, `description`, `capital`, `laundered`, `reset_timestamp`) VALUES
	(1, 'Hellfire, Inc.', '', 10100000, 124658, 1506725079),
	(12, 'Joels Boonk gang money wash', '', 43423, 0, 1506727974),
	(13, 'versaceboyz', '', 147000, 146731, 1506714641),
	(32, 'Exotic Trade\n', '', 25000, 0, 1506713947);
/*!40000 ALTER TABLE `vrp_user_business` ENABLE KEYS */;

-- Dumping structure for table vrpfx.vrp_user_data
CREATE TABLE IF NOT EXISTS `vrp_user_data` (
  `user_id` int(11) NOT NULL,
  `dkey` varchar(255) NOT NULL,
  `dvalue` text,
  PRIMARY KEY (`user_id`,`dkey`),
  CONSTRAINT `fk_user_data_users` FOREIGN KEY (`user_id`) REFERENCES `vrp_users` (`id`) ON DELETE CASCADE
) ENGINE=InnoDB DEFAULT CHARSET=latin1;

-- Dumping data for table vrpfx.vrp_user_data: ~49 rows (approximately)
/*!40000 ALTER TABLE `vrp_user_data` DISABLE KEYS */;
INSERT INTO `vrp_user_data` (`user_id`, `dkey`, `dvalue`) VALUES
	(1, 'vRP:datatable', '{"inventory":{"kebab":{"amount":25},"driver":{"amount":1},"medicalkit":{"amount":10},"3":{"amount":10},"vodka":{"amount":25},"dirty_money":{"amount":613},"credit":{"amount":7},"medkit":{"amount":9},"medical kit":{"amount":20}},"position":{"z":19.079364776611,"y":-923.65295410156,"x":-734.08941650391},"gaptitudes":{"physical":{"strength":105},"hacker":{"c++":0,"hacking":1.4,"lua":0,"logic":0},"science":{"mathematics":0,"chemicals":210},"laboratory":{"weed":25,"cocaine":55,"lsd":15}},"thirst":21.1208665686,"groups":{"cop":true,"ems":true,"superadmin":true,"admin":true,"fbi":true,"user":true},"weapons":{"WEAPON_MINIGUN":{"ammo":250},"WEAPON_GOLFCLUB":{"ammo":0},"WEAPON_MICROSMG":{"ammo":24},"WEAPON_BZGAS":{"ammo":1},"WEAPON_STUNGUN":{"ammo":0},"WEAPON_ASSAULTSMG":{"ammo":0},"WEAPON_FIREEXTINGUISHER":{"ammo":2000},"WEAPON_MG":{"ammo":100},"WEAPON_HAMMER":{"ammo":0},"WEAPON_ADVANCEDRIFLE":{"ammo":0},"WEAPON_ASSAULTSHOTGUN":{"ammo":0},"WEAPON_FLASHLIGHT":{"ammo":0},"WEAPON_NIGHTSTICK":{"ammo":0},"WEAPON_SMG":{"ammo":0},"WEAPON_RPG":{"ammo":1},"WEAPON_GRENADELAUNCHER_SMOKE":{"ammo":10},"WEAPON_PUMPSHOTGUN":{"ammo":13},"WEAPON_PISTOL":{"ammo":11},"WEAPON_MOLOTOV":{"ammo":1},"WEAPON_BALL":{"ammo":1},"WEAPON_BAT":{"ammo":0},"WEAPON_APPISTOL":{"ammo":0},"WEAPON_GRENADE":{"ammo":1},"WEAPON_PETROLCAN":{"ammo":4500},"WEAPON_FLARE":{"ammo":1},"WEAPON_HEAVYSNIPER":{"ammo":0},"WEAPON_COMBATMG":{"ammo":0},"WEAPON_BULLPUPSHOTGUN":{"ammo":0},"WEAPON_SMOKEGRENADE":{"ammo":1},"WEAPON_CARBINERIFLE":{"ammo":0},"WEAPON_SNIPERRIFLE":{"ammo":10},"WEAPON_GRENADELAUNCHER":{"ammo":9},"WEAPON_CROWBAR":{"ammo":0},"WEAPON_STINGER":{"ammo":1},"WEAPON_ASSAULTRIFLE":{"ammo":120},"WEAPON_PISTOL50":{"ammo":0},"WEAPON_SAWNOFFSHOTGUN":{"ammo":0},"WEAPON_KNIFE":{"ammo":0},"WEAPON_COMBATPISTOL":{"ammo":0},"WEAPON_STICKYBOMB":{"ammo":1}},"hunger":15.260434659953,"customization":{"1":[0,0,0],"2":[67,0,0],"3":[17,0,0],"4":[10,0,0],"5":[0,0,0],"6":[10,0,0],"7":[0,0,0],"8":[4,0,0],"9":[0,1,2],"10":[0,0,0],"11":[10,0,0],"12":[0,0,0],"13":[0,0,0],"14":[0,0,255],"15":[0,0,100],"16":[0,0,0],"17":[0,0,0],"18":[0,0,0],"19":[0,0,0],"20":[0,0,2],"0":[0,0,0],"p0":[-1,0],"p9":[-1,0],"p4":[-1,0],"p10":[-1,0],"p7":[-1,0],"p8":[-1,0],"p5":[-1,0],"p6":[-1,0],"modelhash":1885233650,"p3":[-1,0],"p2":[2,0],"p1":[18,0]},"health":200,"phone_directory":{"Mark":"566-1643"},"cloakroom_idle":{"6":[0,0,0],"5":[0,0,0],"8":[0,0,0],"7":[0,0,0],"2":[0,0,0],"1":[0,0,0],"4":[0,0,0],"3":[0,0,0],"0":[0,0,0],"modelhash":1885233650,"19":[0,0,0],"p7":[-1,0],"p9":[-1,0],"p5":[-1,0],"15":[0,0,100],"11":[0,0,0],"p3":[-1,0],"13":[0,0,0],"p1":[-1,0],"10":[0,0,0],"p0":[-1,0],"17":[0,0,0],"20":[0,0,255],"p8":[-1,0],"9":[0,0,0],"18":[0,0,0],"p10":[-1,0],"16":[0,0,0],"p6":[-1,0],"p4":[-1,0],"12":[0,0,0],"p2":[-1,0],"14":[0,0,255]}}'),
	(1, 'vRP:home:wardrobe', '{"Cop":{"18":[0,2,0],"16":[0,2,0],"0":[0,0,0],"p6":[16,0],"p8":[-1,0],"p2":[2,0],"12":[0,0,0],"p4":[-1,0],"14":[0,2,255],"p1":[8,0],"11":[55,0,2],"19":[0,0,0],"17":[0,0,0],"p7":[-1,0],"p9":[-1,0],"13":[0,0,0],"p3":[-1,0],"15":[0,2,100],"p5":[-1,0],"modelhash":1885233650,"1":[0,0,0],"p0":[-1,0],"p10":[-1,0],"20":[0,2,2],"10":[0,0,0],"3":[30,0,2],"2":[67,0,2],"5":[0,0,0],"4":[25,2,2],"7":[0,0,0],"6":[24,0,2],"9":[0,0,0],"8":[58,0,2]},"Pres":{"1":[0,0,0],"2":[67,0,0],"3":[17,0,0],"4":[10,0,0],"5":[0,0,0],"6":[10,0,0],"7":[0,0,0],"8":[4,0,0],"9":[0,0,0],"10":[0,0,0],"11":[10,0,0],"12":[0,0,0],"13":[0,0,0],"14":[0,0,255],"15":[0,0,100],"16":[0,0,0],"17":[0,0,0],"18":[0,0,0],"19":[0,0,0],"20":[0,0,1],"0":[0,0,0],"modelhash":1885233650,"p1":[18,0],"p10":[-1,0],"p3":[-1,0],"p7":[-1,0],"p6":[-1,0],"p9":[-1,0],"p8":[-1,0],"p2":[2,0],"p0":[-1,0],"p4":[-1,0],"p5":[-1,0]},"Pimpin":{"18":[0,0,0],"1":[0,0,0],"0":[22,0,0],"p6":[16,0],"p8":[-1,0],"p2":[2,0],"12":[0,0,0],"p4":[-1,0],"14":[0,0,255],"p1":[-1,0],"11":[223,0,0],"19":[0,0,0],"17":[0,0,0],"p7":[-1,0],"p9":[-1,0],"13":[0,0,0],"p3":[-1,0],"15":[0,0,100],"p5":[-1,0],"modelhash":1885233650,"p10":[-1,0],"20":[0,0,2],"16":[0,0,0],"6":[47,0,0],"9":[0,0,0],"3":[19,0,0],"2":[67,0,0],"5":[0,0,0],"4":[79,0,0],"7":[0,0,0],"p0":[-1,0],"10":[0,0,0],"8":[104,0,0]}}'),
	(1, 'vRP:police_records', '[Fine] 50000 $ for Organized crime (high)<br />'),
	(2, 'vRP:datatable', '{"groups":{"user":true,"taxi":true},"hunger":4.3915258725154,"thirst":6.2830517450309,"position":{"y":-1043.1018066406,"x":142.28480529785,"z":29.367990493774},"customization":{"1":[0,0,2],"2":[0,0,2],"3":[0,0,2],"4":[0,0,2],"5":[0,0,2],"6":[0,0,2],"7":[0,0,2],"8":[0,0,2],"9":[0,0,2],"10":[0,0,2],"11":[0,0,2],"12":[0,2,0],"13":[0,2,0],"14":[0,2,255],"15":[0,2,100],"16":[0,2,0],"17":[0,2,0],"18":[0,2,0],"19":[0,2,0],"20":[0,2,255],"p7":[-1,0],"p6":[-1,0],"p5":[-1,0],"p4":[-1,0],"p2":[-1,0],"p3":[-1,0],"p0":[-1,0],"p1":[-1,0],"0":[0,0,2],"p8":[-1,0],"p9":[-1,0],"p10":[-1,0],"modelhash":1885233650},"health":200,"weapons":[],"inventory":[]}'),
	(3, 'vRP:datatable', '{"health":200,"position":{"z":39.340534210205,"y":-407.37069702148,"x":-17.887292861938},"gaptitudes":{"physical":{"strength":30},"hacker":{"logic":0,"hacking":0,"lua":0,"c++":0},"laboratory":{"weed":0,"cocaine":0,"lsd":0},"science":{"mathematics":0,"chemicals":0}},"thirst":84.387434463293,"groups":{"admin":true,"superadmin":true,"user":true,"sheriff":true},"weapons":{"WEAPON_MINIGUN":{"ammo":0},"WEAPON_PISTOL":{"ammo":86},"WEAPON_MICROSMG":{"ammo":30},"WEAPON_BZGAS":{"ammo":1},"WEAPON_PETROLCAN":{"ammo":4500},"WEAPON_ASSAULTSMG":{"ammo":0},"WEAPON_FIREEXTINGUISHER":{"ammo":2000},"WEAPON_APPISTOL":{"ammo":0},"WEAPON_KNIFE":{"ammo":0},"WEAPON_ADVANCEDRIFLE":{"ammo":0},"WEAPON_COMBATPISTOL":{"ammo":0},"WEAPON_FLASHLIGHT":{"ammo":0},"WEAPON_MOLOTOV":{"ammo":1},"WEAPON_MG":{"ammo":94},"WEAPON_HEAVYSNIPER":{"ammo":0},"WEAPON_GRENADELAUNCHER_SMOKE":{"ammo":10},"WEAPON_SAWNOFFSHOTGUN":{"ammo":0},"WEAPON_BALL":{"ammo":1},"WEAPON_BAT":{"ammo":0},"WEAPON_NIGHTSTICK":{"ammo":0},"WEAPON_BULLPUPSHOTGUN":{"ammo":0},"WEAPON_ASSAULTSHOTGUN":{"ammo":0},"WEAPON_FLARE":{"ammo":3},"WEAPON_STINGER":{"ammo":1},"WEAPON_COMBATMG":{"ammo":0},"WEAPON_SMG":{"ammo":0},"WEAPON_GOLFCLUB":{"ammo":0},"WEAPON_RPG":{"ammo":0},"WEAPON_SNIPERRIFLE":{"ammo":10},"WEAPON_GRENADELAUNCHER":{"ammo":0},"WEAPON_STUNGUN":{"ammo":0},"WEAPON_PISTOL50":{"ammo":0},"WEAPON_ASSAULTRIFLE":{"ammo":210},"WEAPON_CARBINERIFLE":{"ammo":0},"WEAPON_CROWBAR":{"ammo":0},"WEAPON_PUMPSHOTGUN":{"ammo":92},"WEAPON_HAMMER":{"ammo":0},"WEAPON_STICKYBOMB":{"ammo":1}},"hunger":44.293717231646,"customization":{"1":[0,0,0],"2":[0,0,0],"3":[0,0,0],"4":[0,0,0],"5":[0,0,0],"6":[0,0,0],"7":[0,0,0],"8":[0,0,0],"9":[0,1,2],"10":[0,0,0],"11":[0,0,0],"12":[0,0,0],"13":[0,0,0],"14":[0,0,255],"15":[0,0,118],"16":[0,0,0],"17":[0,0,127],"18":[0,0,0],"19":[0,0,0],"20":[0,0,255],"0":[0,0,0],"p0":[-1,0],"modelhash":-1320879687,"p9":[-1,0],"p10":[-1,0],"p7":[-1,0],"p8":[-1,0],"p5":[-1,0],"p6":[-1,0],"p4":[-1,0],"p3":[-1,0],"p2":[-1,0],"p1":[-1,0]},"inventory":{"wammo|WEAPON_COMBATPISTOL":{"amount":250},"kebab":{"amount":2},"wammo|WEAPON_PETROLCAN":{"amount":101},"wbody|WEAPON_PUMPSHOTGUN":{"amount":1},"wbody|WEAPON_NIGHTSTICK":{"amount":1},"med_kit":{"amount":10},"wammo|WEAPON_PUMPSHOTGUN":{"amount":239},"driver":{"amount":1},"wbody|WEAPON_COMBATPISTOL":{"amount":1},"wbody|WEAPON_STUNGUN":{"amount":1},"wbody|WEAPON_PETROLCAN":{"amount":1},"medical kit":{"amount":10},"water":{"amount":3},"Medical_kit":{"amount":10},"medkit":{"amount":5},"pills":{"amount":2}},"phone_directory":{"Dylan":"753-0031"},"cloakroom_idle":{"6":[0,0,0],"5":[0,0,0],"8":[0,0,0],"7":[0,0,0],"2":[0,0,0],"1":[0,0,0],"4":[0,0,0],"3":[0,0,0],"0":[0,0,0],"modelhash":1885233650,"19":[0,0,64],"p7":[-1,0],"17":[0,0,81],"p5":[-1,0],"15":[0,0,100],"11":[0,0,0],"p3":[-1,0],"13":[0,0,0],"p1":[-1,0],"10":[0,0,0],"p0":[-1,0],"p9":[-1,0],"20":[0,0,255],"12":[0,0,0],"p8":[-1,0],"18":[0,0,166],"p10":[-1,0],"16":[0,0,145],"p6":[-1,0],"p4":[-1,0],"9":[0,0,0],"p2":[-1,0],"14":[0,0,255]}}'),
	(4, 'vRP:datatable', '{"inventory":[],"groups":[],"thirst":1.0,"hunger":1.0}'),
	(5, 'vRP:datatable', '{"weapons":[],"thirst":17.128048175737,"health":182,"inventory":[],"hunger":12.314024087869,"groups":{"user":true},"position":{"z":29.348272323608,"y":-1000.9410400391,"x":414.99914550781},"customization":{"1":[0,0,2],"2":[0,0,2],"3":[0,0,2],"4":[0,0,2],"5":[0,0,2],"6":[0,0,2],"7":[0,0,2],"8":[0,0,2],"9":[0,0,2],"10":[0,0,2],"11":[0,0,2],"12":[0,2,0],"13":[0,2,0],"14":[0,2,255],"15":[0,2,228],"16":[0,2,0],"17":[0,2,0],"18":[0,2,0],"19":[0,2,0],"20":[0,2,255],"0":[0,0,2],"p8":[-1,0],"p9":[-1,0],"p4":[-1,0],"p3":[-1,0],"p6":[-1,0],"p5":[-1,0],"p7":[-1,0],"modelhash":1885233650,"p1":[-1,0],"p2":[-1,0],"p10":[-1,0],"p0":[-1,0]}}'),
	(6, 'vRP:datatable', '{"groups":{"user":true,"bankdriver":true},"health":200,"hunger":11.924915869829,"thirst":18.849831739658,"inventory":[],"weapons":[],"customization":{"1":[0,0,2],"2":[0,0,2],"3":[0,0,2],"4":[0,0,2],"5":[0,0,2],"6":[0,0,2],"7":[0,0,2],"8":[0,0,2],"9":[0,0,2],"10":[0,0,2],"11":[0,0,2],"12":[0,2,0],"13":[0,2,0],"14":[0,2,255],"15":[0,2,100],"16":[0,2,0],"17":[0,2,0],"18":[0,2,0],"19":[0,2,0],"20":[0,2,255],"0":[0,0,2],"p3":[-1,0],"p10":[-1,0],"modelhash":1885233650,"p5":[-1,0],"p6":[-1,0],"p0":[-1,0],"p1":[-1,0],"p2":[-1,0],"p9":[-1,0],"p4":[-1,0],"p7":[-1,0],"p8":[-1,0]},"position":{"x":443.5403137207,"z":30.689599990845,"y":-982.83642578125}}'),
	(7, 'vRP:datatable', '{"thirst":30.775278782299,"position":{"x":-1265.5173339844,"y":-992.85845947266,"z":9.4043445587158},"gaptitudes":{"physical":{"strength":30},"science":{"chemicals":0,"mathematics":0},"hacker":{"lua":0,"logic":0,"hacking":1.4,"c++":0},"laboratory":{"weed":0,"cocaine":0,"lsd":0}},"customization":{"1":[0,0,2],"2":[0,0,2],"3":[0,0,2],"4":[0,0,2],"5":[0,0,2],"6":[0,0,2],"7":[0,0,2],"8":[0,0,2],"9":[0,0,2],"10":[0,0,2],"11":[0,0,2],"12":[0,2,0],"13":[0,2,0],"14":[0,2,255],"15":[0,2,228],"16":[0,2,0],"17":[0,2,2],"18":[0,2,8],"19":[0,2,32],"20":[0,2,255],"p9":[-1,0],"p5":[-1,0],"0":[0,0,2],"p10":[-1,0],"p0":[-1,0],"p3":[-1,0],"p4":[-1,0],"p1":[-1,0],"p2":[-1,0],"p8":[-1,0],"p7":[-1,0],"p6":[-1,0],"modelhash":1885233650},"groups":{"user":true,"drugseller":true},"inventory":{"dirty_money":{"amount":7},"credit":{"amount":7}},"health":200,"weapons":{"WEAPON_APPISTOL":{"ammo":39}},"hunger":23.38763939115}'),
	(8, 'vRP:datatable', '{"thirst":24.847026781881,"weapons":[],"position":{"x":1854.2220458984,"y":3684.2976074219,"z":34.267059326172},"groups":{"bankdriver":true,"user":true},"hunger":19.92351339094,"health":200,"inventory":[],"customization":{"1":[0,0,2],"2":[0,0,2],"3":[0,0,2],"4":[0,0,2],"5":[0,0,2],"6":[0,0,2],"7":[0,0,2],"8":[0,0,2],"9":[0,0,2],"10":[0,0,2],"11":[0,0,2],"12":[0,2,0],"13":[0,2,0],"14":[0,2,255],"15":[0,2,100],"16":[0,2,0],"17":[0,2,0],"18":[0,2,0],"19":[0,2,0],"20":[0,2,255],"0":[0,0,2],"p9":[-1,0],"p4":[-1,0],"p0":[-1,0],"modelhash":1885233650,"p8":[-1,0],"p7":[-1,0],"p6":[-1,0],"p5":[-1,0],"p3":[-1,0],"p10":[-1,0],"p1":[-1,0],"p2":[-1,0]}}'),
	(9, 'vRP:datatable', '{"thirst":13.645087516995,"weapons":{"WEAPON_PISTOL":{"ammo":12}},"position":{"x":430.5749206543,"y":-977.30206298828,"z":30.660638809204},"groups":{"user":true},"hunger":8.8225437584977,"health":120,"inventory":[],"customization":{"1":[0,0,2],"2":[0,0,2],"3":[0,0,2],"4":[0,0,2],"5":[0,0,2],"6":[0,0,2],"7":[0,0,2],"8":[0,0,2],"9":[0,0,2],"10":[0,0,2],"11":[0,0,2],"12":[0,2,0],"13":[0,2,0],"14":[0,2,255],"15":[0,2,100],"16":[0,2,20],"17":[0,2,0],"18":[0,2,0],"19":[0,2,0],"20":[0,2,255],"0":[0,0,2],"p9":[-1,0],"p4":[-1,0],"p0":[-1,0],"modelhash":1885233650,"p8":[-1,0],"p7":[-1,0],"p6":[-1,0],"p5":[-1,0],"p3":[-1,0],"p10":[-1,0],"p1":[-1,0],"p2":[-1,0]}}'),
	(10, 'vRP:datatable', '{"position":{"x":-1066.2314453125,"y":-897.78863525391,"z":3.9010803699493},"weapons":[],"customization":{"1":[0,0,2],"2":[0,0,2],"3":[0,0,2],"4":[0,0,2],"5":[0,0,2],"6":[0,0,2],"7":[0,0,2],"8":[0,0,2],"9":[0,0,2],"10":[0,0,2],"11":[0,0,2],"12":[0,2,0],"13":[0,2,0],"14":[0,2,255],"15":[0,2,100],"16":[0,2,0],"17":[0,2,0],"18":[0,2,0],"19":[0,2,0],"20":[0,2,255],"0":[0,0,2],"p7":[-1,0],"p6":[-1,0],"p5":[-1,0],"p3":[-1,0],"p4":[-1,0],"p1":[-1,0],"modelhash":1885233650,"p10":[-1,0],"p9":[-1,0],"p8":[-1,0],"p0":[-1,0],"p2":[-1,0]},"hunger":3.594112414387,"health":200,"thirst":5.1882248287739,"inventory":[],"groups":{"user":true}}'),
	(11, 'vRP:datatable', '{"thirst":48.558096598184,"groups":{"user":true,"police":true},"inventory":{"driver":{"amount":1}},"health":170,"weapons":{"WEAPON_STUNGUN":{"ammo":0},"WEAPON_COMBATPISTOL":{"ammo":220},"WEAPON_PUMPSHOTGUN":{"ammo":204},"WEAPON_NIGHTSTICK":{"ammo":0}},"position":{"z":29.873741149902,"y":-1042.6440429688,"x":422.29684448242},"customization":{"1":[0,0,2],"2":[9,4,2],"3":[33,0,2],"4":[3,2,2],"5":[0,0,2],"6":[12,6,2],"7":[0,0,2],"8":[15,0,2],"9":[0,0,2],"10":[0,0,2],"11":[89,0,2],"12":[0,2,0],"13":[0,2,0],"14":[0,2,255],"15":[0,2,100],"16":[0,2,0],"17":[0,2,0],"18":[0,2,0],"19":[0,2,0],"20":[0,2,1],"0":[13,0,2],"p10":[-1,0],"p0":[83,0],"modelhash":1885233650,"p9":[-1,0],"p5":[-1,0],"p6":[-1,0],"p7":[-1,0],"p8":[-1,0],"p2":[0,0],"p1":[4,0],"p4":[-1,0],"p3":[-1,0]},"gaptitudes":{"physical":{"strength":30},"laboratory":{"cocaine":440,"lsd":0,"weed":530},"science":{"mathematics":0,"chemicals":1940},"hacker":{"hacking":0,"lua":0,"logic":0,"c++":0}},"hunger":25.029048299092}'),
	(11, 'vRP:police_records', '[Fine] 1000 $ for Stealing<br />[Fine] 10000 $ for Organized crime (low)<br />'),
	(12, 'vRP:datatable', '{"gaptitudes":{"physical":{"strength":30},"laboratory":{"cocaine":0,"lsd":0,"weed":0},"science":{"mathematics":0,"chemicals":0},"hacker":{"hacking":0,"lua":0,"logic":0,"c++":0}},"groups":{"user":true,"citizen":true},"inventory":{"kebab":{"amount":8}},"health":169,"weapons":[],"position":{"z":29.422298431396,"y":-1007.7869873047,"x":228.45138549805},"customization":{"1":[0,0,2],"2":[21,4,2],"3":[17,0,2],"4":[24,0,2],"5":[0,0,2],"6":[31,1,2],"7":[0,0,2],"8":[15,0,2],"9":[0,0,2],"10":[0,0,2],"11":[89,0,2],"12":[0,2,0],"13":[0,2,0],"14":[0,2,255],"15":[0,2,100],"16":[0,2,0],"17":[0,2,0],"18":[0,2,0],"19":[0,2,0],"20":[0,2,255],"0":[2,0,2],"p10":[-1,0],"p0":[-1,0],"modelhash":1885233650,"p9":[-1,0],"p5":[-1,0],"p6":[-1,0],"p7":[-1,0],"p8":[-1,0],"p2":[-1,0],"p1":[-1,0],"p4":[-1,0],"p3":[-1,0]},"thirst":30.495819908583,"hunger":15.872909954291}'),
	(12, 'vRP:home:wardrobe', '{"Gangster":{"1":[0,0,2],"2":[21,4,2],"3":[17,0,2],"4":[24,0,2],"5":[0,0,2],"6":[31,1,2],"7":[0,0,2],"8":[2,2,2],"9":[0,0,2],"10":[0,0,2],"11":[6,1,2],"12":[0,2,0],"13":[0,2,0],"14":[0,2,255],"15":[0,2,100],"16":[0,2,0],"17":[0,2,0],"18":[0,2,0],"19":[0,2,0],"20":[0,2,255],"0":[2,0,2],"p10":[-1,0],"p0":[-1,0],"p1":[-1,0],"p2":[-1,0],"p9":[-1,0],"modelhash":1885233650,"p7":[-1,0],"p8":[-1,0],"p6":[-1,0],"p5":[-1,0],"p4":[-1,0],"p3":[-1,0]},"Cop":{"8":[58,0,2],"7":[0,0,2],"9":[0,0,2],"4":[24,2,2],"3":[30,0,2],"6":[31,1,2],"5":[0,0,2],"p9":[-1,0],"19":[0,2,0],"p7":[-1,0],"17":[0,2,0],"13":[0,2,0],"p5":[-1,0],"15":[0,2,100],"p3":[-1,0],"p1":[-1,0],"11":[55,0,2],"0":[2,0,2],"2":[3,1,2],"1":[0,0,2],"modelhash":1885233650,"18":[0,2,0],"20":[0,2,2],"p6":[-1,0],"14":[0,2,255],"p4":[-1,0],"16":[0,2,0],"p10":[-1,0],"10":[0,0,2],"p0":[-1,0],"12":[0,2,0],"p2":[2,0],"p8":[-1,0]}}'),
	(12, 'vRP:police_records', '[Fine] 250 $ for Red Light<br />[Fine] 250 $ for Speeding<br />[Fine] 100 $ for Insult<br />[Fine] 250 $ for Red Light<br />[Fine] 50000 $ for Organized crime (high)<br />'),
	(13, 'vRP:datatable', '{"thirst":16.51046545147,"groups":{"user":true,"ems":true,"emergency":true},"gaptitudes":{"physical":{"strength":30},"laboratory":{"lsd":0,"weed":0,"cocaine":0},"science":{"mathematics":0,"chemicals":0},"hacker":{"lua":0,"hacking":0,"logic":0,"c++":0}},"health":145,"position":{"x":-631.33978271484,"z":35.030952453613,"y":-570.30426025391},"hunger":8.255232725735,"customization":{"1":[0,0,2],"2":[3,4,2],"3":[32,0,2],"4":[79,0,2],"5":[0,0,2],"6":[61,0,2],"7":[0,0,2],"8":[15,0,2],"9":[0,0,2],"10":[0,0,2],"11":[200,12,2],"12":[0,2,0],"13":[0,2,0],"14":[0,2,255],"15":[0,2,100],"16":[0,2,47],"17":[0,2,51],"18":[0,2,51],"19":[0,2,64],"20":[0,2,255],"0":[2,0,2],"p10":[-1,0],"p0":[-1,0],"p1":[-1,0],"p2":[-1,0],"p9":[-1,0],"modelhash":1885233650,"p7":[-1,0],"p8":[-1,0],"p6":[-1,0],"p5":[-1,0],"p4":[-1,0],"p3":[-1,0]},"weapons":{"WEAPON_PETROLCAN":{"ammo":4500}},"inventory":{"pills":{"amount":128},"medkit":{"amount":1}}}'),
	(14, 'vRP:datatable', '{"groups":[]}'),
	(15, 'vRP:datatable', '{"weapons":[],"groups":{"user":true},"health":156,"hunger":11.924963959632,"thirst":19.849927919264,"inventory":[],"customization":{"1":[0,0,2],"2":[0,0,2],"3":[0,0,2],"4":[0,0,2],"5":[0,0,2],"6":[0,0,2],"7":[0,0,2],"8":[0,0,2],"9":[0,0,2],"10":[0,0,2],"11":[0,0,2],"12":[0,2,0],"13":[0,2,0],"14":[0,2,255],"15":[0,2,100],"16":[0,2,0],"17":[0,2,0],"18":[0,2,0],"19":[0,2,0],"20":[0,2,255],"0":[0,0,2],"modelhash":1885233650,"p2":[-1,0],"p9":[-1,0],"p3":[-1,0],"p7":[-1,0],"p6":[-1,0],"p10":[-1,0],"p8":[-1,0],"p1":[-1,0],"p0":[-1,0],"p4":[-1,0],"p5":[-1,0]},"position":{"z":32.950275421143,"y":-747.16070556641,"x":-67.72713470459}}'),
	(16, 'vRP:datatable', '{"weapons":[],"inventory":[],"health":189,"hunger":15.08576409432,"thirst":16.17152818864,"groups":{"user":true},"customization":{"1":[0,0,2],"2":[0,0,2],"3":[0,0,2],"4":[0,0,2],"5":[0,0,2],"6":[0,0,2],"7":[0,0,2],"8":[0,0,2],"9":[0,0,2],"10":[0,0,2],"11":[0,0,2],"12":[0,2,0],"13":[0,2,0],"14":[0,2,255],"15":[0,2,100],"16":[0,2,0],"17":[0,2,0],"18":[0,2,0],"19":[0,2,0],"20":[0,2,255],"0":[0,0,2],"modelhash":1885233650,"p0":[-1,0],"p1":[-1,0],"p9":[-1,0],"p7":[-1,0],"p6":[-1,0],"p10":[-1,0],"p8":[-1,0],"p2":[-1,0],"p3":[-1,0],"p4":[-1,0],"p5":[-1,0]},"position":{"z":24.509992599487,"y":-510.96884155273,"x":-746.45794677734}}'),
	(17, 'vRP:datatable', '{"groups":[]}'),
	(18, 'vRP:datatable', '{"weapons":[],"inventory":[],"customization":{"1":[0,0,2],"2":[0,0,2],"3":[0,0,2],"4":[0,0,2],"5":[0,0,2],"6":[0,0,2],"7":[0,0,2],"8":[0,0,2],"9":[0,0,2],"10":[0,0,2],"11":[0,0,2],"12":[0,2,0],"13":[0,2,0],"14":[0,2,255],"15":[0,2,100],"16":[0,2,0],"17":[0,2,0],"18":[0,2,0],"19":[0,2,0],"20":[0,2,255],"0":[0,0,2],"modelhash":1885233650,"p0":[-1,0],"p9":[-1,0],"p2":[-1,0],"p7":[-1,0],"p6":[-1,0],"p10":[-1,0],"p8":[-1,0],"p1":[-1,0],"p3":[-1,0],"p4":[-1,0],"p5":[-1,0]},"thirst":1.8477049731872,"gaptitudes":{"science":{"chemicals":0,"mathematics":0},"laboratory":{"cocaine":0,"weed":0,"lsd":0},"physical":{"strength":30},"hacker":{"c++":0,"lua":0,"logic":0,"hacking":0}},"position":{"z":29.301696777344,"y":-941.40887451172,"x":-215.61911010742},"groups":{"user":true},"health":200,"hunger":0.92385248659361}'),
	(19, 'vRP:datatable', '{"thirst":0,"inventory":[],"groups":[],"hunger":0}'),
	(20, 'vRP:datatable', '{"position":{"x":339.89141845703,"z":29.536252975464,"y":-1068.5206298828},"inventory":[],"weapons":[],"thirst":38.108354575291,"health":181,"groups":{"user":true,"bankdriver":true},"customization":{"1":[0,0,2],"2":[0,0,2],"3":[0,0,2],"4":[0,0,2],"5":[0,0,2],"6":[0,0,2],"7":[0,0,2],"8":[0,0,2],"9":[0,0,2],"10":[0,0,2],"11":[0,0,2],"12":[0,2,0],"13":[0,2,0],"14":[0,2,255],"15":[0,2,100],"16":[0,2,0],"17":[0,2,0],"18":[0,2,0],"19":[0,2,0],"20":[0,2,255],"0":[0,0,2],"modelhash":1885233650,"p10":[-1,0],"p2":[-1,0],"p0":[-1,0],"p4":[-1,0],"p3":[-1,0],"p6":[-1,0],"p5":[-1,0],"p7":[-1,0],"p8":[-1,0],"p9":[-1,0],"p1":[-1,0]},"hunger":22.554177287645}'),
	(21, 'vRP:datatable', '{"groups":{"user":true},"thirst":5.9213235727103,"customization":{"1":[0,0,2],"2":[0,0,2],"3":[0,0,2],"4":[0,0,2],"5":[0,0,2],"6":[0,0,2],"7":[0,0,2],"8":[0,0,2],"9":[0,0,2],"10":[0,0,2],"11":[0,0,2],"12":[0,2,0],"13":[0,2,0],"14":[0,2,255],"15":[0,2,100],"16":[0,2,0],"17":[0,2,0],"18":[0,2,0],"19":[0,2,0],"20":[0,2,255],"0":[0,0,2],"p3":[-1,0],"p6":[-1,0],"p5":[-1,0],"p7":[-1,0],"p8":[-1,0],"p9":[-1,0],"p4":[-1,0],"modelhash":1885233650,"p1":[-1,0],"p2":[-1,0],"p10":[-1,0],"p0":[-1,0]},"hunger":4.7106617863551,"position":{"x":148.02603149414,"z":29.382179260254,"y":-1040.0119628906},"inventory":[],"health":120,"weapons":{"WEAPON_COMBATPISTOL":{"ammo":0},"WEAPON_PETROLCAN":{"ammo":4500},"WEAPON_STUNGUN":{"ammo":0},"WEAPON_PUMPSHOTGUN":{"ammo":14},"WEAPON_MINIGUN":{"ammo":250},"WEAPON_FIREEXTINGUISHER":{"ammo":2000},"WEAPON_MOLOTOV":{"ammo":1},"WEAPON_PISTOL50":{"ammo":0},"WEAPON_CROWBAR":{"ammo":0},"WEAPON_BALL":{"ammo":1},"WEAPON_SMOKEGRENADE":{"ammo":1},"WEAPON_GRENADELAUNCHER":{"ammo":10},"WEAPON_SMG":{"ammo":0},"WEAPON_ASSAULTRIFLE":{"ammo":0},"WEAPON_MICROSMG":{"ammo":30},"WEAPON_BZGAS":{"ammo":1},"WEAPON_FLASHLIGHT":{"ammo":0},"WEAPON_ADVANCEDRIFLE":{"ammo":0},"WEAPON_GRENADELAUNCHER_SMOKE":{"ammo":10},"WEAPON_FLARE":{"ammo":1},"WEAPON_BAT":{"ammo":0},"WEAPON_HEAVYSNIPER":{"ammo":0},"WEAPON_SNIPERRIFLE":{"ammo":10},"WEAPON_RPG":{"ammo":1},"WEAPON_ASSAULTSMG":{"ammo":0},"WEAPON_NIGHTSTICK":{"ammo":0},"WEAPON_SAWNOFFSHOTGUN":{"ammo":0},"WEAPON_BULLPUPSHOTGUN":{"ammo":0},"WEAPON_PISTOL":{"ammo":18},"WEAPON_STICKYBOMB":{"ammo":1},"WEAPON_CARBINERIFLE":{"ammo":0},"WEAPON_KNIFE":{"ammo":0},"WEAPON_ASSAULTSHOTGUN":{"ammo":0},"WEAPON_APPISTOL":{"ammo":0},"WEAPON_HAMMER":{"ammo":0},"WEAPON_GOLFCLUB":{"ammo":0},"WEAPON_GRENADE":{"ammo":1},"WEAPON_COMBATMG":{"ammo":0},"WEAPON_MG":{"ammo":74},"WEAPON_STINGER":{"ammo":1}}}'),
	(22, 'vRP:datatable', '{"groups":{"user":true},"thirst":3.5309494438634,"customization":{"1":[0,0,2],"2":[0,0,2],"3":[0,0,2],"4":[0,0,2],"5":[0,0,2],"6":[0,0,2],"7":[0,0,2],"8":[0,0,2],"9":[0,0,2],"10":[0,0,2],"11":[0,0,2],"12":[0,2,0],"13":[0,2,0],"14":[0,2,255],"15":[0,2,100],"16":[0,2,0],"17":[0,2,0],"18":[0,2,0],"19":[0,2,0],"20":[0,2,255],"p4":[-1,0],"p3":[-1,0],"p6":[-1,0],"p5":[-1,0],"p7":[-1,0],"p8":[-1,0],"p9":[-1,0],"0":[0,0,2],"modelhash":1885233650,"p1":[-1,0],"p2":[-1,0],"p10":[-1,0],"p0":[-1,0]},"hunger":2.5154747219317,"position":{"x":-210.92442321777,"z":29.279867172241,"y":-988.06103515625},"inventory":[],"health":200,"weapons":[]}'),
	(23, 'vRP:datatable', '{"position":{"x":-233.56217956543,"z":30.108751296997,"y":-759.67498779297},"groups":{"user":true},"thirst":29.905320859489,"hunger":28.452660429745,"inventory":[],"customization":{"4":[0,0,2],"18":[0,2,204],"6":[0,0,2],"5":[0,0,2],"0":[0,0,2],"2":[0,0,2],"1":[0,0,2],"14":[0,2,255],"12":[0,2,0],"20":[0,2,255],"10":[0,0,2],"8":[0,0,2],"7":[0,0,2],"p2":[-1,0],"9":[0,0,2],"p10":[-1,0],"17":[0,2,204],"p9":[-1,0],"19":[0,2,61],"p7":[-1,0],"11":[0,0,2],"13":[0,2,0],"p5":[-1,0],"15":[0,2,100],"p1":[-1,0],"p3":[-1,0],"modelhash":1885233650,"p8":[-1,0],"p0":[-1,0],"3":[0,0,2],"p6":[-1,0],"16":[0,2,205],"p4":[-1,0]},"weapons":[],"health":170}'),
	(24, 'vRP:datatable', '{"phone_directory":[],"hunger":36.490886254062,"position":{"z":24.914852142334,"y":-1001.1021118164,"x":459.44583129883},"customization":{"19":[0,0,0],"17":[0,0,0],"p7":[-1,0],"p9":[-1,0],"13":[0,0,0],"p3":[-1,0],"15":[0,2,112],"11":[0,0,0],"3":[1,1,2],"2":[0,0,2],"5":[0,0,0],"4":[0,0,2],"7":[0,0,0],"6":[0,0,0],"9":[0,0,2],"8":[0,0,2],"1":[0,0,0],"0":[0,0,2],"18":[0,0,0],"16":[0,2,0],"p6":[-1,0],"p8":[-1,0],"p2":[-1,0],"12":[0,2,0],"10":[0,0,0],"14":[0,2,255],"p0":[-1,0],"p1":[-1,0],"modelhash":1650288984,"p10":[-1,0],"20":[0,2,255],"p5":[-1,0],"p4":[-1,0]},"inventory":{"driver":{"amount":1},"icetea":{"amount":20},"kebab":{"amount":11}},"weapons":{"WEAPON_COMBATPISTOL":{"ammo":0},"WEAPON_NIGHTSTICK":{"ammo":0},"WEAPON_FLASHLIGHT":{"ammo":0},"WEAPON_PISTOL":{"ammo":196},"WEAPON_PUMPSHOTGUN":{"ammo":99},"WEAPON_STUNGUN":{"ammo":0}},"thirst":72.781772508125,"gaptitudes":{"laboratory":{"weed":0,"lsd":0,"cocaine":0},"hacker":{"hacking":0,"logic":0,"c++":0,"lua":0},"science":{"chemicals":0,"mathematics":0},"physical":{"strength":30}},"groups":{"user":true,"fbi":true},"health":170,"cloakroom_idle":{"19":[0,2,0],"17":[0,2,0],"p7":[-1,0],"p9":[-1,0],"13":[0,2,0],"p3":[-1,0],"15":[0,2,100],"p5":[-1,0],"3":[0,0,2],"2":[0,0,2],"5":[0,0,2],"4":[7,0,2],"7":[0,0,2],"6":[1,0,2],"9":[0,0,2],"8":[0,0,2],"1":[0,0,2],"0":[2,0,2],"18":[0,2,0],"16":[0,2,0],"p6":[0,0],"p8":[-1,0],"p2":[-1,0],"p0":[110,0],"p4":[-1,0],"20":[0,2,1],"11":[90,0,2],"p1":[3,0],"14":[0,2,255],"modelhash":1885233650,"p10":[-1,0],"10":[0,0,2],"12":[0,2,0]}}'),
	(24, 'vRP:police_records', '[Fine] 100 $ for Insult<br />[Fine] 250 $ for Speeding<br />[Fine] 250 $ for Red Light<br />'),
	(25, 'vRP:datatable', '{"position":{"x":-206.87753295898,"z":29.988368988037,"y":-1015.9673461914},"groups":{"user":true},"thirst":1.9270256484128,"hunger":1.7135128242064,"inventory":[],"customization":{"1":[0,0],"2":[0,0],"3":[0,0],"4":[0,0],"5":[0,0],"6":[0,0],"7":[0,0],"8":[0,0],"9":[0,0],"10":[0,0],"11":[0,0],"12":[0,0],"13":[0,0],"14":[0,0],"15":[0,0],"16":[0,0],"17":[0,0],"18":[0,0],"19":[0,0],"model":"mp_m_freemode_01","0":[0,0]}}'),
	(26, 'vRP:datatable', '{"groups":{"user":true},"thirst":19.801036024988,"weapons":[],"hunger":14.650518012494,"position":{"y":-122.23935699463,"x":-635.86474609375,"z":39.013046264648},"customization":{"1":[0,0,2],"2":[1,0,2],"3":[5,0,2],"4":[2,0,2],"5":[0,0,2],"6":[1,0,2],"7":[0,0,2],"8":[0,0,2],"9":[0,0,2],"10":[0,0,2],"11":[5,0,2],"12":[0,2,0],"13":[0,2,0],"14":[0,2,255],"15":[0,2,228],"16":[0,2,0],"17":[0,2,0],"18":[0,2,0],"19":[0,2,0],"20":[0,2,2],"0":[24,0,2],"p1":[-1,0],"p10":[-1,0],"p0":[-1,0],"p4":[-1,0],"modelhash":1885233650,"p5":[-1,0],"p2":[4,0],"p3":[-1,0],"p9":[-1,0],"p8":[-1,0],"p7":[-1,0],"p6":[-1,0]},"gaptitudes":{"hacker":{"hacking":0,"lua":0,"logic":0,"c++":0},"science":{"chemicals":0,"mathematics":0},"laboratory":{"weed":0,"cocaine":0,"lsd":0},"physical":{"strength":30}},"health":165,"inventory":{"pills":{"amount":4}}}'),
	(27, 'vRP:datatable', '{"inventory":[],"hunger":0,"thirst":0,"groups":[]}'),
	(28, 'vRP:datatable', '{"weapons":[],"hunger":7.9081008726093,"customization":{"1":[0,0,2],"2":[0,0,2],"3":[0,0,2],"4":[0,0,2],"5":[0,0,2],"6":[0,0,2],"7":[0,0,2],"8":[0,0,2],"9":[0,0,2],"10":[0,0,2],"11":[0,0,2],"12":[0,2,0],"13":[0,2,0],"14":[0,2,255],"15":[0,2,100],"16":[0,2,0],"17":[0,2,255],"18":[0,2,255],"19":[0,2,255],"20":[0,2,255],"0":[0,0,2],"p8":[-1,0],"p7":[-1,0],"p6":[-1,0],"modelhash":1885233650,"p0":[-1,0],"p2":[-1,0],"p1":[-1,0],"p3":[-1,0],"p4":[-1,0],"p9":[-1,0],"p5":[-1,0],"p10":[-1,0]},"thirst":11.816201745219,"position":{"x":226.39561462402,"y":-609.35858154297,"z":28.821069717407},"inventory":[],"health":157,"groups":{"user":true,"repair":true}}'),
	(29, 'vRP:datatable', '{"gaptitudes":{"laboratory":{"lsd":0,"cocaine":0,"weed":0},"science":{"chemicals":0,"mathematics":0},"hacker":{"hacking":0,"lua":0,"logic":0,"c++":0},"physical":{"strength":30}},"hunger":7.5267707631955,"health":200,"groups":{"user":true,"bankdriver":true},"weapons":[],"thirst":11.053541526391,"position":{"x":-137.42971801758,"y":-1745.9869384766,"z":29.619497299194},"inventory":[],"customization":{"1":[0,0,2],"2":[0,0,2],"3":[0,0,2],"4":[0,0,2],"5":[0,0,2],"6":[0,0,2],"7":[0,0,2],"8":[0,0,2],"9":[0,0,2],"10":[0,0,2],"11":[0,0,2],"12":[0,2,0],"13":[0,2,0],"14":[0,2,255],"15":[0,2,100],"16":[0,2,0],"17":[0,2,255],"18":[0,2,255],"19":[0,2,255],"20":[0,2,255],"p9":[-1,0],"p8":[-1,0],"p7":[-1,0],"p6":[-1,0],"modelhash":1885233650,"p0":[-1,0],"p1":[-1,0],"p2":[-1,0],"p3":[-1,0],"p4":[-1,0],"0":[0,0,2],"p5":[-1,0],"p10":[-1,0]}}'),
	(30, 'vRP:datatable', '{"weapons":[],"hunger":8.7866951889285,"customization":{"1":[0,0,2],"2":[0,0,2],"3":[0,0,2],"4":[0,0,2],"5":[0,0,2],"6":[0,0,2],"7":[0,0,2],"8":[0,0,2],"9":[0,0,2],"10":[0,0,2],"11":[0,0,2],"12":[0,2,0],"13":[0,2,0],"14":[0,2,255],"15":[0,2,228],"16":[0,2,0],"17":[0,2,0],"18":[0,2,0],"19":[0,2,0],"20":[0,2,255],"p2":[-1,0],"p3":[-1,0],"p7":[-1,0],"p6":[-1,0],"p1":[-1,0],"p0":[-1,0],"p10":[-1,0],"p9":[-1,0],"p8":[-1,0],"0":[0,0,2],"p5":[-1,0],"p4":[-1,0],"modelhash":1885233650},"thirst":14.573390377857,"position":{"x":-1206.7592773438,"y":-290.61407470703,"z":37.860736846924},"inventory":[],"health":150,"groups":{"user":true}}'),
	(31, 'vRP:datatable', '{"weapons":[],"hunger":7.566013486602,"customization":{"1":[0,0,2],"2":[0,0,2],"3":[0,0,2],"4":[0,0,2],"5":[0,0,2],"6":[0,0,2],"7":[0,0,2],"8":[0,0,2],"9":[0,0,2],"10":[0,0,2],"11":[0,0,2],"12":[0,2,0],"13":[0,2,0],"14":[0,2,255],"15":[0,2,228],"16":[0,2,0],"17":[0,2,0],"18":[0,2,0],"19":[0,2,0],"20":[0,2,255],"0":[0,0,2],"p3":[-1,0],"p7":[-1,0],"p5":[-1,0],"modelhash":1885233650,"p0":[-1,0],"p4":[-1,0],"p10":[-1,0],"p6":[-1,0],"p8":[-1,0],"p2":[-1,0],"p9":[-1,0],"p1":[-1,0]},"thirst":12.132026973204,"position":{"x":-1210.4171142578,"y":-290.72018432617,"z":37.847705841064},"inventory":[],"health":120,"groups":{"user":true}}'),
	(32, 'vRP:datatable', '{"customization":{"1":[0,0,2],"2":[0,0,2],"3":[0,0,2],"4":[0,0,2],"5":[0,0,2],"6":[0,0,2],"7":[0,0,2],"8":[0,0,2],"9":[0,0,2],"10":[0,0,2],"11":[0,0,2],"12":[0,2,0],"13":[0,2,0],"14":[0,2,255],"15":[0,2,100],"16":[0,2,0],"17":[0,2,2],"18":[0,2,8],"19":[0,2,32],"20":[0,2,255],"p5":[-1,0],"p6":[-1,0],"p2":[-1,0],"p4":[-1,0],"p9":[-1,0],"p8":[-1,0],"p7":[-1,0],"p1":[-1,0],"p3":[-1,0],"modelhash":1885233650,"0":[0,0,2],"p10":[-1,0],"p0":[-1,0]},"health":170,"inventory":[],"weapons":[],"gaptitudes":{"science":{"chemicals":0,"mathematics":0},"physical":{"strength":30},"hacker":{"lua":0,"logic":0,"hacking":0,"c++":0},"laboratory":{"weed":0,"cocaine":0,"lsd":0}},"hunger":7.7006948844901,"thirst":12.40138976898,"groups":{"user":true,"bankdriver":true},"position":{"x":-228.4698638916,"y":-974.08917236328,"z":29.277313232422}}'),
	(33, 'vRP:datatable', '{"groups":[]}'),
	(34, 'vRP:datatable', '{"health":200,"inventory":[],"weapons":[],"customization":{"1":[0,0,2],"2":[0,0,2],"3":[0,0,2],"4":[0,0,2],"5":[0,0,2],"6":[0,0,2],"7":[0,0,2],"8":[0,0,2],"9":[0,0,2],"10":[0,0,2],"11":[0,0,2],"12":[0,2,0],"13":[0,2,0],"14":[0,2,255],"15":[0,2,100],"16":[0,2,0],"17":[0,2,0],"18":[0,2,0],"19":[0,2,0],"20":[0,2,255],"0":[0,0,2],"p6":[-1,0],"p2":[-1,0],"p1":[-1,0],"p9":[-1,0],"p8":[-1,0],"p7":[-1,0],"p5":[-1,0],"p4":[-1,0],"p3":[-1,0],"p0":[-1,0],"p10":[-1,0],"modelhash":1885233650},"hunger":0.12430313777102,"thirst":0.24860627554205,"groups":{"user":true},"position":{"x":-218.1431427002,"y":-1016.7245483398,"z":29.090721130371}}'),
	(35, 'vRP:datatable', '{"groups":[]}'),
	(36, 'vRP:datatable', '{"thirst":44.063083422368,"groups":{"user":true,"drugseller":true},"gaptitudes":{"physical":{"strength":30},"laboratory":{"lsd":0,"weed":0,"cocaine":0},"hacker":{"lua":0,"hacking":0,"c++":0,"logic":0},"science":{"mathematics":0,"chemicals":0}},"health":129,"position":{"x":504.03991699219,"z":28.214813232422,"y":-1054.9272460938},"hunger":22.531541711184,"customization":{"1":[0,0,2],"2":[3,2,2],"3":[37,0,2],"4":[10,0,2],"5":[0,0,2],"6":[10,0,2],"7":[0,0,2],"8":[74,0,2],"9":[0,0,2],"10":[0,0,2],"11":[104,0,2],"12":[0,2,0],"13":[0,2,0],"14":[0,2,255],"15":[0,2,100],"16":[0,2,0],"17":[0,2,255],"18":[0,2,255],"19":[0,2,255],"20":[0,2,6],"0":[0,0,2],"p10":[-1,0],"p0":[-1,0],"p1":[-1,0],"p2":[-1,0],"p9":[-1,0],"modelhash":1885233650,"p7":[-1,0],"p8":[-1,0],"p6":[1,0],"p5":[-1,0],"p4":[-1,0],"p3":[-1,0]},"weapons":[],"inventory":{"weed":{"amount":81}}}'),
	(36, 'vRP:police_records', '[Fine] 250 $ for Speeding<br />[Fine] 1000 $ for Stealing<br />[Fine] 10000 $ for Organized crime (low)<br />[Fine] 250 $ for Speeding<br />'),
	(37, 'vRP:datatable', '{"hunger":5.7933680374824,"inventory":[],"weapons":[],"position":{"y":-1987.3538818359,"z":12.675388336182,"x":-1135.0201416016},"health":200,"customization":{"1":[0,0,2],"2":[0,0,2],"3":[0,0,2],"4":[0,0,2],"5":[0,0,2],"6":[0,0,2],"7":[0,0,2],"8":[0,0,2],"9":[0,0,2],"10":[0,0,2],"11":[0,0,2],"12":[0,2,0],"13":[0,2,0],"14":[0,2,255],"15":[0,2,100],"16":[0,2,0],"17":[0,2,0],"18":[0,2,0],"19":[0,2,0],"20":[0,2,255],"p0":[-1,0],"p2":[-1,0],"p1":[-1,0],"0":[0,0,2],"p8":[-1,0],"p6":[-1,0],"p9":[-1,0],"p10":[-1,0],"p7":[-1,0],"p5":[-1,0],"modelhash":1885233650,"p3":[-1,0],"p4":[-1,0]},"thirst":7.5867360749648,"groups":{"user":true}}'),
	(38, 'vRP:datatable', '{"weapons":[],"customization":{"1":[0,0,2],"2":[0,0,2],"3":[0,0,2],"4":[0,0,2],"5":[0,0,2],"6":[0,0,2],"7":[0,0,2],"8":[0,0,2],"9":[0,0,2],"10":[0,0,2],"11":[0,0,2],"12":[0,2,0],"13":[0,2,0],"14":[0,2,255],"15":[0,2,100],"16":[0,2,0],"17":[0,2,0],"18":[0,2,0],"19":[0,2,0],"20":[0,2,255],"0":[0,0,2],"p10":[-1,0],"p0":[-1,0],"p1":[-1,0],"p2":[-1,0],"p9":[-1,0],"modelhash":1885233650,"p7":[-1,0],"p8":[-1,0],"p6":[-1,0],"p5":[-1,0],"p4":[-1,0],"p3":[-1,0]},"health":148,"position":{"x":-519.19952392578,"z":25.762464523315,"y":-1258.6480712891},"thirst":5.1910102393735,"hunger":2.5955051196867,"groups":{"user":true},"inventory":[]}'),
	(39, 'vRP:datatable', '{"thirst":9.1409621320866,"groups":{"user":true},"gaptitudes":{"physical":{"strength":30},"laboratory":{"lsd":0,"weed":0,"cocaine":0},"hacker":{"lua":0,"hacking":0,"c++":0,"logic":0},"science":{"mathematics":0,"chemicals":0}},"health":199,"position":{"x":-887.4716796875,"z":6.70902967453,"y":-2273.9235839844},"hunger":4.5704810660433,"customization":{"1":[0,0,2],"2":[0,0,2],"3":[0,0,2],"4":[0,0,2],"5":[0,0,2],"6":[0,0,2],"7":[0,0,2],"8":[0,0,2],"9":[0,0,2],"10":[0,0,2],"11":[0,0,2],"12":[0,2,0],"13":[0,2,0],"14":[0,2,255],"15":[0,2,100],"16":[0,2,163],"17":[0,2,181],"18":[0,2,132],"19":[0,2,67],"20":[0,2,255],"0":[0,0,2],"p10":[-1,0],"p0":[-1,0],"p1":[-1,0],"p2":[-1,0],"modelhash":1885233650,"p9":[-1,0],"p7":[-1,0],"p8":[-1,0],"p6":[-1,0],"p5":[-1,0],"p4":[-1,0],"p3":[-1,0]},"weapons":[],"inventory":[]}'),
	(40, 'vRP:datatable', '{"thirst":0,"hunger":0,"groups":[],"inventory":[]}'),
	(41, 'vRP:datatable', '{"weapons":{"WEAPON_PISTOL":{"ammo":36}},"customization":{"1":[0,0,2],"2":[0,0,2],"3":[0,0,2],"4":[0,0,2],"5":[0,0,2],"6":[0,0,2],"7":[0,0,2],"8":[0,0,2],"9":[0,0,2],"10":[0,0,2],"11":[0,0,2],"12":[0,2,0],"13":[0,2,0],"14":[0,2,255],"15":[0,2,100],"16":[0,2,0],"17":[0,2,0],"18":[0,2,0],"19":[0,2,0],"20":[0,2,255],"0":[0,0,2],"p10":[-1,0],"p0":[-1,0],"p1":[-1,0],"p2":[-1,0],"modelhash":1885233650,"p9":[-1,0],"p7":[-1,0],"p8":[-1,0],"p6":[-1,0],"p5":[-1,0],"p4":[-1,0],"p3":[-1,0]},"health":200,"position":{"x":433.45193481445,"z":28.874870300293,"y":-1025.3017578125},"hunger":15.263040867173,"thirst":30.526081734346,"groups":{"user":true},"inventory":[]}'),
	(42, 'vRP:datatable', '{"position":{"z":28.957765579224,"y":-925.82458496094,"x":-97.228538513184},"weapons":{"WEAPON_PUMPSHOTGUN":{"ammo":10}},"thirst":4.0422495137228,"groups":{"user":true},"inventory":[],"health":167,"customization":{"1":[0,0,2],"2":[0,0,2],"3":[0,0,2],"4":[0,0,2],"5":[0,0,2],"6":[0,0,2],"7":[0,0,2],"8":[0,0,2],"9":[0,0,2],"10":[0,0,2],"11":[0,0,2],"12":[0,2,0],"13":[0,2,0],"14":[0,2,255],"15":[0,2,100],"16":[0,2,0],"17":[0,2,0],"18":[0,2,0],"19":[0,2,0],"20":[0,2,255],"0":[0,0,2],"p10":[-1,0],"p0":[-1,0],"modelhash":1885233650,"p9":[-1,0],"p5":[-1,0],"p6":[-1,0],"p7":[-1,0],"p8":[-1,0],"p2":[-1,0],"p1":[-1,0],"p4":[-1,0],"p3":[-1,0]},"hunger":2.6461247568614}');
/*!40000 ALTER TABLE `vrp_user_data` ENABLE KEYS */;

-- Dumping structure for table vrpfx.vrp_user_homes
CREATE TABLE IF NOT EXISTS `vrp_user_homes` (
  `user_id` int(11) NOT NULL,
  `home` varchar(255) DEFAULT NULL,
  `number` int(11) DEFAULT NULL,
  PRIMARY KEY (`user_id`),
  UNIQUE KEY `home` (`home`,`number`),
  CONSTRAINT `fk_user_homes_users` FOREIGN KEY (`user_id`) REFERENCES `vrp_users` (`id`) ON DELETE CASCADE
) ENGINE=InnoDB DEFAULT CHARSET=latin1;

-- Dumping data for table vrpfx.vrp_user_homes: ~3 rows (approximately)
/*!40000 ALTER TABLE `vrp_user_homes` DISABLE KEYS */;
INSERT INTO `vrp_user_homes` (`user_id`, `home`, `number`) VALUES
	(13, 'Basic Housing 1', 1),
	(1, 'Rich Housing', 1),
	(3, 'Rich Housing', 2);
/*!40000 ALTER TABLE `vrp_user_homes` ENABLE KEYS */;

-- Dumping structure for table vrpfx.vrp_user_identities
CREATE TABLE IF NOT EXISTS `vrp_user_identities` (
  `user_id` int(11) NOT NULL,
  `registration` varchar(20) DEFAULT NULL,
  `phone` varchar(20) DEFAULT NULL,
  `firstname` varchar(50) DEFAULT NULL,
  `name` varchar(50) DEFAULT NULL,
  `age` int(11) DEFAULT NULL,
  PRIMARY KEY (`user_id`),
  KEY `registration` (`registration`),
  KEY `phone` (`phone`),
  CONSTRAINT `fk_user_identities_users` FOREIGN KEY (`user_id`) REFERENCES `vrp_users` (`id`) ON DELETE CASCADE
) ENGINE=InnoDB DEFAULT CHARSET=latin1;

-- Dumping data for table vrpfx.vrp_user_identities: ~38 rows (approximately)
/*!40000 ALTER TABLE `vrp_user_identities` DISABLE KEYS */;
INSERT INTO `vrp_user_identities` (`user_id`, `registration`, `phone`, `firstname`, `name`, `age`) VALUES
	(1, '388TEW', '753-0031', 'Jasper', 'Haze', 24),
	(2, '051VPM', '388-7187', 'Linda', 'Wright', 25),
	(3, '410AJN', '566-1643', 'Mark', 'Kohle', 21),
	(4, '887EWS', '530-0311', 'Lillian', 'Phillips', 26),
	(5, '185MJX', '871-8753', 'Robert', 'Taylor', 30),
	(6, '871WSN', '300-3119', 'Craig', 'Thomas', 25),
	(7, '785HWS', '995-1428', 'Patrick', 'Wood', 38),
	(8, '300JDE', '941-0035', 'Helen', 'Rivera', 34),
	(9, '995DMG', '827-8996', 'Howard', 'Allen', 29),
	(10, '753ACJ', '119-4100', 'Jeremy', 'Rogers', 34),
	(11, '556PER', '430-6785', 'Dre', 'Johnson', 12),
	(12, '228AJC', '600-9225', 'Antwan', 'Jones', 12),
	(13, '142WFU', '899-6322', 'Juan', 'Carlos', 29),
	(15, '438VTE', '875-3003', 'Jeffrey', 'Thompson', 40),
	(16, '035OPP', '164-3067', 'Katherine', 'Sanchez', 29),
	(18, '789ZPK', '228-0306', 'Daniel', 'Smith', 39),
	(19, '687MFT', '449-7153', 'Frances', 'Rivera', 34),
	(20, '600XHH', '568-7427', 'Sean', 'Campbell', 40),
	(21, '854JXV', '718-7530', 'Edward', 'Baker', 27),
	(22, '100JNO', '661-6430', 'Laura', 'Barnes', 37),
	(23, '941AAJ', '556-6164', 'Fred', 'Davis', 34),
	(24, '899PKG', '280-3060', 'John', 'Simmons', 29),
	(25, '874FTM', '497-1537', 'Laura', 'Bell', 30),
	(26, '597IER', '406-5191', 'Kathryn', 'Ramirez', 29),
	(27, '871WSN', '300-3119', 'Craig', 'Thomas', 25),
	(28, '922PRV', '742-7449', 'Joyce', 'Anderson', 34),
	(29, '531FLU', '597-3164', 'Paul', 'Ramirez', 33),
	(30, '742ORT', '741-3805', 'Anna', 'Roberts', 26),
	(31, '995IMJ', '834-2927', 'Betty', 'Robinson', 37),
	(32, '003NOP', '616-4306', 'Evelyn', 'Henderson', 33),
	(34, '449TCP', '376-5312', 'Ernest', 'Henderson', 33),
	(36, '430PUU', '538-7995', 'Larry', 'Parker', 28),
	(37, '153TPO', '312-4859', 'Adam', 'Price', 23),
	(38, '164JBP', '785-3879', 'Jacqueline', 'Rogers', 27),
	(39, '568SMF', '744-9715', 'Randy', 'Kelly', 34),
	(40, '248NZT', '316-4065', 'Jeffrey', 'Bryant', 27),
	(41, '511VME', '574-2567', 'Janet', 'Evans', 26),
	(42, '538SYY', '514-2827', 'Judy', 'Hayes', 40);
/*!40000 ALTER TABLE `vrp_user_identities` ENABLE KEYS */;

-- Dumping structure for table vrpfx.vrp_user_ids
CREATE TABLE IF NOT EXISTS `vrp_user_ids` (
  `identifier` varchar(255) NOT NULL,
  `user_id` int(11) DEFAULT NULL,
  PRIMARY KEY (`identifier`),
  KEY `fk_user_ids_users` (`user_id`),
  CONSTRAINT `fk_user_ids_users` FOREIGN KEY (`user_id`) REFERENCES `vrp_users` (`id`) ON DELETE CASCADE
) ENGINE=InnoDB DEFAULT CHARSET=latin1;

-- Dumping data for table vrpfx.vrp_user_ids: ~122 rows (approximately)
/*!40000 ALTER TABLE `vrp_user_ids` DISABLE KEYS */;
INSERT INTO `vrp_user_ids` (`identifier`, `user_id`) VALUES
	('ip:104.148.138.192', 1),
	('license:da69a32528855190248f66a0e891a5dc7751c0ec', 1),
	('steam:11000010982dbb0', 1),
	('ip:90.91.57.163', 2),
	('license:60467996447e49385e2edbdc9d0fc0101a85ab11', 2),
	('steam:11000011a817c92', 2),
	('ip:209.122.13.61', 3),
	('license:4c278321b1f7aabfc0a66dc660bca8cac0aa9d04', 3),
	('steam:11000010693604a', 3),
	('ip:166.175.60.227', 4),
	('license:b354c4e43d93dbe5d0f1203c64aea9fc4d597cf1', 4),
	('steam:11000011b98a9ea', 4),
	('ip:84.27.118.138', 5),
	('license:b329b78a522dd48d325469fe3209089c54b60b7d', 5),
	('steam:1100001119d5ae2', 5),
	('ip:109.153.34.35', 6),
	('license:516fd612d075b4539490aa1111ea24ee45ba2677', 6),
	('steam:110000119c289f0', 6),
	('ip:107.212.17.68', 7),
	('license:9080c60b382e5d4e6e455ebd33e8a177e9486f67', 7),
	('steam:110000112a4057a', 7),
	('ip:95.145.108.139', 8),
	('license:8269f318c3682edd8744a279e38ec9c8928a4cca', 8),
	('steam:11000010eb604d3', 8),
	('ip:99.248.35.171', 9),
	('license:6338e7ef2ade2fd31293ac0d1de238c699c491cc', 9),
	('steam:110000117471728', 9),
	('ip:47.144.34.200', 10),
	('license:4bf2b388016d267cac9ae52a27581510085d31b2', 10),
	('steam:1100001174b5c6b', 10),
	('ip:81.224.202.248', 11),
	('license:2ce0846667dd71235feedd31ff6c31d5e48d1de4', 11),
	('steam:110000109927e1f', 11),
	('ip:2.67.91.35', 12),
	('license:d256373d0307c18bb1ddf7fae7dac7ee1c8d793e', 12),
	('steam:11000010d53bed2', 12),
	('ip:81.229.73.251', 13),
	('license:6e364023e022d3b2c2ace8b92eb2101064df80da', 13),
	('steam:110000117688855', 13),
	('ip:80.60.160.162', 14),
	('license:0a5c2c6f3ffd8639e40ad5ae8d0bc58d463d7bdf', 14),
	('ip:90.206.55.48', 15),
	('license:7e72e19141e8e80855b00d63b636541317ab6f44', 15),
	('steam:11000010c58bbda', 15),
	('ip:86.188.115.91', 16),
	('license:abf6f37b8ca210434a41678b131a05b2cdeaf87e', 16),
	('steam:11000010c052060', 16),
	('ip:46.129.117.102', 17),
	('license:0a4a1afddb7c1d0fe4bf9099d13a50cfaecedc20', 17),
	('ip:181.118.70.84', 18),
	('license:d8d86f8cb3e571e6c2d1181ffe47c6af6f596f50', 18),
	('steam:1100001119d1962', 18),
	('ip:107.77.172.45', 19),
	('license:b8c694b0845b634b171e26c815cb139d856671fd', 19),
	('steam:1100001044196fe', 19),
	('ip:86.142.29.99', 20),
	('license:10d6db93e98fc36bca926be5fd58c2b1d8d4c73f', 20),
	('steam:1100001175dba88', 20),
	('ip:64.121.74.22', 21),
	('license:5a756b7e7415085525a118ffb3231f2c46af8817', 21),
	('steam:11000010f2d2500', 21),
	('ip:76.20.235.115', 22),
	('license:abf7db55ac72c24c95e34cb37b5e95975f6f737d', 22),
	('steam:11000010c2b444c', 22),
	('ip:90.190.87.14', 23),
	('license:5da18928a7b79e5dbc690a82b1e94c9ca6fd77ab', 23),
	('steam:11000011757e631', 23),
	('ip:2.248.82.228', 24),
	('license:4081a66ac1a2e53bf4b584d3672e97538c97ff1d', 24),
	('steam:110000106f5fbde', 24),
	('ip:46.67.46.122', 25),
	('license:b171b3d745adcb933946515a4e134395a6bc684b', 25),
	('steam:110000104f8e8a8', 25),
	('ip:78.66.147.152', 26),
	('license:3ce9b0e9139a014fd70224c4206a2056549f0fa4', 26),
	('steam:1100001047470e8', 26),
	('ip:72.76.131.191', 27),
	('license:b2809232adea0e900b5e4f1d902823cdb4b8b592', 27),
	('steam:1100001179541ae', 27),
	('ip:71.79.34.59', 28),
	('license:4c822fb5bccf73f6765704d49d9ddbf59b088ffb', 28),
	('steam:1100001167e69cd', 28),
	('ip:5.14.158.52', 29),
	('license:f7a14f245223c182e53816d1f017003f90b7103f', 29),
	('steam:110000117860737', 29),
	('ip:80.220.169.221', 30),
	('license:9c17e27115adab35b912574aadd6f383e2b13f45', 30),
	('steam:11000010f6c2137', 30),
	('ip:85.150.211.122', 31),
	('license:c353c24c1058633cba437826a6258ffff34c0a75', 31),
	('steam:110000109a94fa8', 31),
	('ip:81.100.17.202', 32),
	('license:b5bfa307b58b500f59bb4f2156f04794d36ea411', 32),
	('steam:11000011a366a1e', 32),
	('ip:203.212.149.125', 33),
	('license:a05ea4a602c66a9b52c4bc7c76323741c0d33794', 33),
	('ip:75.167.126.31', 34),
	('license:62fd6c8f8872dc3be9fd307e68c54d5656de82df', 34),
	('steam:11000010766dfc8', 34),
	('ip:51.175.16.15', 35),
	('license:e59c8638be5e9380973c0d1c6ef7f7435f7a5a6a', 35),
	('ip:83.249.225.229', 36),
	('license:48eb1b1f02755f52ecccda88db904e43aa7f69b5', 36),
	('steam:11000010bf0c28f', 36),
	('ip:81.157.161.120', 37),
	('license:40ee0e6b63335721a95240fe8d98d4b4d7ddc8a2', 37),
	('steam:110000117a201c1', 37),
	('ip:188.248.79.110', 38),
	('license:816dd2c4ffb45dd19125c822dd8c49e36bbfd256', 38),
	('steam:110000110453e4c', 38),
	('ip:83.112.143.40', 39),
	('license:8db0c7ba2d381074664607bbce1112f78e5b208b', 39),
	('steam:11000011844273e', 39),
	('ip:73.42.217.231', 40),
	('license:c414e40809c2f03a128ae30137a21e457583485e', 40),
	('steam:110000105ecaa8e', 40),
	('ip:100.4.195.176', 41),
	('license:d71e391b2a2e7b35a3707bc3ffb0171db8a65555', 41),
	('steam:11000011aae40c6', 41),
	('ip:82.32.130.185', 42),
	('license:744f77941877d78ba38394a16a0bcb4fe41c6825', 42),
	('steam:1100001159617a3', 42);
/*!40000 ALTER TABLE `vrp_user_ids` ENABLE KEYS */;

-- Dumping structure for table vrpfx.vrp_user_moneys
CREATE TABLE IF NOT EXISTS `vrp_user_moneys` (
  `user_id` int(11) NOT NULL,
  `wallet` int(11) DEFAULT NULL,
  `bank` int(11) DEFAULT NULL,
  PRIMARY KEY (`user_id`),
  CONSTRAINT `fk_user_moneys_users` FOREIGN KEY (`user_id`) REFERENCES `vrp_users` (`id`) ON DELETE CASCADE
) ENGINE=InnoDB DEFAULT CHARSET=latin1;

-- Dumping data for table vrpfx.vrp_user_moneys: ~38 rows (approximately)
/*!40000 ALTER TABLE `vrp_user_moneys` DISABLE KEYS */;
INSERT INTO `vrp_user_moneys` (`user_id`, `wallet`, `bank`) VALUES
	(1, 994795321, 967000850),
	(2, 150, 850),
	(3, 1013999, 0),
	(4, 150, 850),
	(5, 150, 850),
	(6, 10150, 850),
	(7, 550, 850),
	(8, 31144, 850),
	(9, 150, 850),
	(10, 150, 850),
	(11, 3200, 0),
	(12, 4790, 0),
	(13, 8067, 10000000),
	(15, 150, 850),
	(16, 350, 850),
	(18, 150, 850),
	(19, 150, 850),
	(20, 150, 850),
	(21, 150, 850),
	(22, 150, 850),
	(23, 0, 0),
	(24, 85090, 0),
	(25, 150, 850),
	(26, 100, 850),
	(27, 0, 0),
	(28, 150, 850),
	(29, 150, 850),
	(30, 150, 850),
	(31, 150, 850),
	(32, 76000, 500000),
	(34, 100000, 500000),
	(36, 44534, 494750),
	(37, 99100, 500000),
	(38, 100000, 500000),
	(39, 100100, 500000),
	(40, 100000, 500000),
	(41, 100200, 500000),
	(42, 100000, 500000);
/*!40000 ALTER TABLE `vrp_user_moneys` ENABLE KEYS */;

-- Dumping structure for table vrpfx.vrp_user_vehicles
CREATE TABLE IF NOT EXISTS `vrp_user_vehicles` (
  `user_id` int(11) NOT NULL,
  `vehicle` varchar(255) NOT NULL,
  `veh_type` varchar(255) NOT NULL DEFAULT 'default',
  `vehicle_plate` varchar(255) NOT NULL,
  `vehicle_colorprimary` varchar(255) DEFAULT NULL,
  `vehicle_colorsecondary` varchar(255) DEFAULT NULL,
  `vehicle_pearlescentcolor` varchar(255) DEFAULT NULL,
  `vehicle_wheelcolor` varchar(255) DEFAULT NULL,
  `vehicle_plateindex` varchar(255) DEFAULT NULL,
  `vehicle_neoncolor1` varchar(255) DEFAULT NULL,
  `vehicle_neoncolor2` varchar(255) DEFAULT NULL,
  `vehicle_neoncolor3` varchar(255) DEFAULT NULL,
  `vehicle_windowtint` varchar(255) DEFAULT NULL,
  `vehicle_wheeltype` varchar(255) DEFAULT NULL,
  `vehicle_mods0` varchar(255) DEFAULT NULL,
  `vehicle_mods1` varchar(255) DEFAULT NULL,
  `vehicle_mods2` varchar(255) DEFAULT NULL,
  `vehicle_mods3` varchar(255) DEFAULT NULL,
  `vehicle_mods4` varchar(255) DEFAULT NULL,
  `vehicle_mods5` varchar(255) DEFAULT NULL,
  `vehicle_mods6` varchar(255) DEFAULT NULL,
  `vehicle_mods7` varchar(255) DEFAULT NULL,
  `vehicle_mods8` varchar(255) DEFAULT NULL,
  `vehicle_mods9` varchar(255) DEFAULT NULL,
  `vehicle_mods10` varchar(255) DEFAULT NULL,
  `vehicle_mods11` varchar(255) DEFAULT NULL,
  `vehicle_mods12` varchar(255) DEFAULT NULL,
  `vehicle_mods13` varchar(255) DEFAULT NULL,
  `vehicle_mods14` varchar(255) DEFAULT NULL,
  `vehicle_mods15` varchar(255) DEFAULT NULL,
  `vehicle_mods16` varchar(255) DEFAULT NULL,
  `vehicle_turbo` varchar(255) NOT NULL DEFAULT 'off',
  `vehicle_tiresmoke` varchar(255) NOT NULL DEFAULT 'off',
  `vehicle_xenon` varchar(255) NOT NULL DEFAULT 'off',
  `vehicle_mods23` varchar(255) DEFAULT NULL,
  `vehicle_mods24` varchar(255) DEFAULT NULL,
  `vehicle_neon0` varchar(255) DEFAULT NULL,
  `vehicle_neon1` varchar(255) DEFAULT NULL,
  `vehicle_neon2` varchar(255) DEFAULT NULL,
  `vehicle_neon3` varchar(255) DEFAULT NULL,
  `vehicle_bulletproof` varchar(255) DEFAULT NULL,
  `vehicle_smokecolor1` varchar(255) DEFAULT NULL,
  `vehicle_smokecolor2` varchar(255) DEFAULT NULL,
  `vehicle_smokecolor3` varchar(255) DEFAULT NULL,
  `vehicle_modvariation` varchar(255) NOT NULL DEFAULT 'off',
  PRIMARY KEY (`user_id`,`vehicle`),
  CONSTRAINT `fk_user_vehicles_users` FOREIGN KEY (`user_id`) REFERENCES `vrp_users` (`id`) ON DELETE CASCADE
) ENGINE=InnoDB DEFAULT CHARSET=latin1;

-- Dumping data for table vrpfx.vrp_user_vehicles: ~126 rows (approximately)
/*!40000 ALTER TABLE `vrp_user_vehicles` DISABLE KEYS */;
INSERT INTO `vrp_user_vehicles` (`user_id`, `vehicle`, `veh_type`, `vehicle_plate`, `vehicle_colorprimary`, `vehicle_colorsecondary`, `vehicle_pearlescentcolor`, `vehicle_wheelcolor`, `vehicle_plateindex`, `vehicle_neoncolor1`, `vehicle_neoncolor2`, `vehicle_neoncolor3`, `vehicle_windowtint`, `vehicle_wheeltype`, `vehicle_mods0`, `vehicle_mods1`, `vehicle_mods2`, `vehicle_mods3`, `vehicle_mods4`, `vehicle_mods5`, `vehicle_mods6`, `vehicle_mods7`, `vehicle_mods8`, `vehicle_mods9`, `vehicle_mods10`, `vehicle_mods11`, `vehicle_mods12`, `vehicle_mods13`, `vehicle_mods14`, `vehicle_mods15`, `vehicle_mods16`, `vehicle_turbo`, `vehicle_tiresmoke`, `vehicle_xenon`, `vehicle_mods23`, `vehicle_mods24`, `vehicle_neon0`, `vehicle_neon1`, `vehicle_neon2`, `vehicle_neon3`, `vehicle_bulletproof`, `vehicle_smokecolor1`, `vehicle_smokecolor2`, `vehicle_smokecolor3`, `vehicle_modvariation`) VALUES
	(1, 'adder', 'default', '', NULL, NULL, NULL, NULL, NULL, NULL, NULL, NULL, NULL, NULL, NULL, NULL, NULL, NULL, NULL, NULL, NULL, NULL, NULL, NULL, NULL, NULL, NULL, NULL, NULL, NULL, NULL, 'off', 'off', 'off', NULL, NULL, NULL, NULL, NULL, NULL, NULL, NULL, NULL, NULL, 'off'),
	(1, 'Ambulance', 'default', '', NULL, NULL, NULL, NULL, NULL, NULL, NULL, NULL, NULL, NULL, NULL, NULL, NULL, NULL, NULL, NULL, NULL, NULL, NULL, NULL, NULL, NULL, NULL, NULL, NULL, NULL, NULL, 'off', 'off', 'off', NULL, NULL, NULL, NULL, NULL, NULL, NULL, NULL, NULL, NULL, 'off'),
	(1, 'banshee2', 'default', '', NULL, NULL, NULL, NULL, NULL, NULL, NULL, NULL, NULL, NULL, NULL, NULL, NULL, NULL, NULL, NULL, NULL, NULL, NULL, NULL, NULL, NULL, NULL, NULL, NULL, NULL, NULL, 'off', 'off', 'off', NULL, NULL, NULL, NULL, NULL, NULL, NULL, NULL, NULL, NULL, 'off'),
	(1, 'bifta', 'default', '', NULL, NULL, NULL, NULL, NULL, NULL, NULL, NULL, NULL, NULL, NULL, NULL, NULL, NULL, NULL, NULL, NULL, NULL, NULL, NULL, NULL, NULL, NULL, NULL, NULL, NULL, NULL, 'off', 'off', 'off', NULL, NULL, NULL, NULL, NULL, NULL, NULL, NULL, NULL, NULL, 'off'),
	(1, 'blazer', 'default', '', NULL, NULL, NULL, NULL, NULL, NULL, NULL, NULL, NULL, NULL, NULL, NULL, NULL, NULL, NULL, NULL, NULL, NULL, NULL, NULL, NULL, NULL, NULL, NULL, NULL, NULL, NULL, 'off', 'off', 'off', NULL, NULL, NULL, NULL, NULL, NULL, NULL, NULL, NULL, NULL, 'off'),
	(1, 'brawler', 'default', '', NULL, NULL, NULL, NULL, NULL, NULL, NULL, NULL, NULL, NULL, NULL, NULL, NULL, NULL, NULL, NULL, NULL, NULL, NULL, NULL, NULL, NULL, NULL, NULL, NULL, NULL, NULL, 'off', 'off', 'off', NULL, NULL, NULL, NULL, NULL, NULL, NULL, NULL, NULL, NULL, 'off'),
	(1, 'buffalo2', 'default', '', NULL, NULL, NULL, NULL, NULL, NULL, NULL, NULL, NULL, NULL, NULL, NULL, NULL, NULL, NULL, NULL, NULL, NULL, NULL, NULL, NULL, NULL, NULL, NULL, NULL, NULL, NULL, 'off', 'off', 'off', NULL, NULL, NULL, NULL, NULL, NULL, NULL, NULL, NULL, NULL, 'off'),
	(1, 'carbonizzare', 'default', '', NULL, NULL, NULL, NULL, NULL, NULL, NULL, NULL, NULL, NULL, NULL, NULL, NULL, NULL, NULL, NULL, NULL, NULL, NULL, NULL, NULL, NULL, NULL, NULL, NULL, NULL, NULL, 'off', 'off', 'off', NULL, NULL, NULL, NULL, NULL, NULL, NULL, NULL, NULL, NULL, 'off'),
	(1, 'casco', 'default', '', NULL, NULL, NULL, NULL, NULL, NULL, NULL, NULL, NULL, NULL, NULL, NULL, NULL, NULL, NULL, NULL, NULL, NULL, NULL, NULL, NULL, NULL, NULL, NULL, NULL, NULL, NULL, 'off', 'off', 'off', NULL, NULL, NULL, NULL, NULL, NULL, NULL, NULL, NULL, NULL, 'off'),
	(1, 'coquette2', 'default', '', NULL, NULL, NULL, NULL, NULL, NULL, NULL, NULL, NULL, NULL, NULL, NULL, NULL, NULL, NULL, NULL, NULL, NULL, NULL, NULL, NULL, NULL, NULL, NULL, NULL, NULL, NULL, 'off', 'off', 'off', NULL, NULL, NULL, NULL, NULL, NULL, NULL, NULL, NULL, NULL, 'off'),
	(1, 'dominator', 'default', '', NULL, NULL, NULL, NULL, NULL, NULL, NULL, NULL, NULL, NULL, NULL, NULL, NULL, NULL, NULL, NULL, NULL, NULL, NULL, NULL, NULL, NULL, NULL, NULL, NULL, NULL, NULL, 'off', 'off', 'off', NULL, NULL, NULL, NULL, NULL, NULL, NULL, NULL, NULL, NULL, 'off'),
	(1, 'dubsta3', 'default', '', NULL, NULL, NULL, NULL, NULL, NULL, NULL, NULL, NULL, NULL, NULL, NULL, NULL, NULL, NULL, NULL, NULL, NULL, NULL, NULL, NULL, NULL, NULL, NULL, NULL, NULL, NULL, 'off', 'off', 'off', NULL, NULL, NULL, NULL, NULL, NULL, NULL, NULL, NULL, NULL, 'off'),
	(1, 'dune', 'default', '', NULL, NULL, NULL, NULL, NULL, NULL, NULL, NULL, NULL, NULL, NULL, NULL, NULL, NULL, NULL, NULL, NULL, NULL, NULL, NULL, NULL, NULL, NULL, NULL, NULL, NULL, NULL, 'off', 'off', 'off', NULL, NULL, NULL, NULL, NULL, NULL, NULL, NULL, NULL, NULL, 'off'),
	(1, 'entityxf', 'default', '', NULL, NULL, NULL, NULL, NULL, NULL, NULL, NULL, NULL, NULL, NULL, NULL, NULL, NULL, NULL, NULL, NULL, NULL, NULL, NULL, NULL, NULL, NULL, NULL, NULL, NULL, NULL, 'off', 'off', 'off', NULL, NULL, NULL, NULL, NULL, NULL, NULL, NULL, NULL, NULL, 'off'),
	(1, 'f620', 'default', '', NULL, NULL, NULL, NULL, NULL, NULL, NULL, NULL, NULL, NULL, NULL, NULL, NULL, NULL, NULL, NULL, NULL, NULL, NULL, NULL, NULL, NULL, NULL, NULL, NULL, NULL, NULL, 'off', 'off', 'off', NULL, NULL, NULL, NULL, NULL, NULL, NULL, NULL, NULL, NULL, 'off'),
	(1, 'fbi', 'default', '', NULL, NULL, NULL, NULL, NULL, NULL, NULL, NULL, NULL, NULL, NULL, NULL, NULL, NULL, NULL, NULL, NULL, NULL, NULL, NULL, NULL, NULL, NULL, NULL, NULL, NULL, NULL, 'off', 'off', 'off', NULL, NULL, NULL, NULL, NULL, NULL, NULL, NULL, NULL, NULL, 'off'),
	(1, 'fbi2', 'default', '', NULL, NULL, NULL, NULL, NULL, NULL, NULL, NULL, NULL, NULL, NULL, NULL, NULL, NULL, NULL, NULL, NULL, NULL, NULL, NULL, NULL, NULL, NULL, NULL, NULL, NULL, NULL, 'off', 'off', 'off', NULL, NULL, NULL, NULL, NULL, NULL, NULL, NULL, NULL, NULL, 'off'),
	(1, 'feltzer3', 'default', '', NULL, NULL, NULL, NULL, NULL, NULL, NULL, NULL, NULL, NULL, NULL, NULL, NULL, NULL, NULL, NULL, NULL, NULL, NULL, NULL, NULL, NULL, NULL, NULL, NULL, NULL, NULL, 'off', 'off', 'off', NULL, NULL, NULL, NULL, NULL, NULL, NULL, NULL, NULL, NULL, 'off'),
	(1, 'firetruk', 'default', '', NULL, NULL, NULL, NULL, NULL, NULL, NULL, NULL, NULL, NULL, NULL, NULL, NULL, NULL, NULL, NULL, NULL, NULL, NULL, NULL, NULL, NULL, NULL, NULL, NULL, NULL, NULL, 'off', 'off', 'off', NULL, NULL, NULL, NULL, NULL, NULL, NULL, NULL, NULL, NULL, 'off'),
	(1, 'fmj', 'default', '', NULL, NULL, NULL, NULL, NULL, NULL, NULL, NULL, NULL, NULL, NULL, NULL, NULL, NULL, NULL, NULL, NULL, NULL, NULL, NULL, NULL, NULL, NULL, NULL, NULL, NULL, NULL, 'off', 'off', 'off', NULL, NULL, NULL, NULL, NULL, NULL, NULL, NULL, NULL, NULL, 'off'),
	(1, 'hakuchou', 'default', '', NULL, NULL, NULL, NULL, NULL, NULL, NULL, NULL, NULL, NULL, NULL, NULL, NULL, NULL, NULL, NULL, NULL, NULL, NULL, NULL, NULL, NULL, NULL, NULL, NULL, NULL, NULL, 'off', 'off', 'off', NULL, NULL, NULL, NULL, NULL, NULL, NULL, NULL, NULL, NULL, 'off'),
	(1, 'hwaycar', 'default', '', NULL, NULL, NULL, NULL, NULL, NULL, NULL, NULL, NULL, NULL, NULL, NULL, NULL, NULL, NULL, NULL, NULL, NULL, NULL, NULL, NULL, NULL, NULL, NULL, NULL, NULL, NULL, 'off', 'off', 'off', NULL, NULL, NULL, NULL, NULL, NULL, NULL, NULL, NULL, NULL, 'off'),
	(1, 'hwaycar10', 'default', '', NULL, NULL, NULL, NULL, NULL, NULL, NULL, NULL, NULL, NULL, NULL, NULL, NULL, NULL, NULL, NULL, NULL, NULL, NULL, NULL, NULL, NULL, NULL, NULL, NULL, NULL, NULL, 'off', 'off', 'off', NULL, NULL, NULL, NULL, NULL, NULL, NULL, NULL, NULL, NULL, 'off'),
	(1, 'hwaycar2', 'default', '', NULL, NULL, NULL, NULL, NULL, NULL, NULL, NULL, NULL, NULL, NULL, NULL, NULL, NULL, NULL, NULL, NULL, NULL, NULL, NULL, NULL, NULL, NULL, NULL, NULL, NULL, NULL, 'off', 'off', 'off', NULL, NULL, NULL, NULL, NULL, NULL, NULL, NULL, NULL, NULL, 'off'),
	(1, 'hwaycar3', 'default', '', NULL, NULL, NULL, NULL, NULL, NULL, NULL, NULL, NULL, NULL, NULL, NULL, NULL, NULL, NULL, NULL, NULL, NULL, NULL, NULL, NULL, NULL, NULL, NULL, NULL, NULL, NULL, 'off', 'off', 'off', NULL, NULL, NULL, NULL, NULL, NULL, NULL, NULL, NULL, NULL, 'off'),
	(1, 'hwaycar4', 'default', '', NULL, NULL, NULL, NULL, NULL, NULL, NULL, NULL, NULL, NULL, NULL, NULL, NULL, NULL, NULL, NULL, NULL, NULL, NULL, NULL, NULL, NULL, NULL, NULL, NULL, NULL, NULL, 'off', 'off', 'off', NULL, NULL, NULL, NULL, NULL, NULL, NULL, NULL, NULL, NULL, 'off'),
	(1, 'hwaycar5', 'default', '', NULL, NULL, NULL, NULL, NULL, NULL, NULL, NULL, NULL, NULL, NULL, NULL, NULL, NULL, NULL, NULL, NULL, NULL, NULL, NULL, NULL, NULL, NULL, NULL, NULL, NULL, NULL, 'off', 'off', 'off', NULL, NULL, NULL, NULL, NULL, NULL, NULL, NULL, NULL, NULL, 'off'),
	(1, 'hwaycar6', 'default', '', NULL, NULL, NULL, NULL, NULL, NULL, NULL, NULL, NULL, NULL, NULL, NULL, NULL, NULL, NULL, NULL, NULL, NULL, NULL, NULL, NULL, NULL, NULL, NULL, NULL, NULL, NULL, 'off', 'off', 'off', NULL, NULL, NULL, NULL, NULL, NULL, NULL, NULL, NULL, NULL, 'off'),
	(1, 'hwaycar7', 'default', '', NULL, NULL, NULL, NULL, NULL, NULL, NULL, NULL, NULL, NULL, NULL, NULL, NULL, NULL, NULL, NULL, NULL, NULL, NULL, NULL, NULL, NULL, NULL, NULL, NULL, NULL, NULL, 'off', 'off', 'off', NULL, NULL, NULL, NULL, NULL, NULL, NULL, NULL, NULL, NULL, 'off'),
	(1, 'hwaycar8', 'default', '', NULL, NULL, NULL, NULL, NULL, NULL, NULL, NULL, NULL, NULL, NULL, NULL, NULL, NULL, NULL, NULL, NULL, NULL, NULL, NULL, NULL, NULL, NULL, NULL, NULL, NULL, NULL, 'off', 'off', 'off', NULL, NULL, NULL, NULL, NULL, NULL, NULL, NULL, NULL, NULL, 'off'),
	(1, 'hwaycar9', 'default', '', NULL, NULL, NULL, NULL, NULL, NULL, NULL, NULL, NULL, NULL, NULL, NULL, NULL, NULL, NULL, NULL, NULL, NULL, NULL, NULL, NULL, NULL, NULL, NULL, NULL, NULL, NULL, 'off', 'off', 'off', NULL, NULL, NULL, NULL, NULL, NULL, NULL, NULL, NULL, NULL, 'off'),
	(1, 'italia458', 'default', '', NULL, NULL, NULL, NULL, NULL, NULL, NULL, NULL, NULL, NULL, NULL, NULL, NULL, NULL, NULL, NULL, NULL, NULL, NULL, NULL, NULL, NULL, NULL, NULL, NULL, NULL, NULL, 'off', 'off', 'off', NULL, NULL, NULL, NULL, NULL, NULL, NULL, NULL, NULL, NULL, 'off'),
	(1, 'jb700', 'default', '', NULL, NULL, NULL, NULL, NULL, NULL, NULL, NULL, NULL, NULL, NULL, NULL, NULL, NULL, NULL, NULL, NULL, NULL, NULL, NULL, NULL, NULL, NULL, NULL, NULL, NULL, NULL, 'off', 'off', 'off', NULL, NULL, NULL, NULL, NULL, NULL, NULL, NULL, NULL, NULL, 'off'),
	(1, 'jester', 'default', '', NULL, NULL, NULL, NULL, NULL, NULL, NULL, NULL, NULL, NULL, NULL, NULL, NULL, NULL, NULL, NULL, NULL, NULL, NULL, NULL, NULL, NULL, NULL, NULL, NULL, NULL, NULL, 'off', 'off', 'off', NULL, NULL, NULL, NULL, NULL, NULL, NULL, NULL, NULL, NULL, 'off'),
	(1, 'kuruma', 'default', '', NULL, NULL, NULL, NULL, NULL, NULL, NULL, NULL, NULL, NULL, NULL, NULL, NULL, NULL, NULL, NULL, NULL, NULL, NULL, NULL, NULL, NULL, NULL, NULL, NULL, NULL, NULL, 'off', 'off', 'off', NULL, NULL, NULL, NULL, NULL, NULL, NULL, NULL, NULL, NULL, 'off'),
	(1, 'le7b', 'default', '', NULL, NULL, NULL, NULL, NULL, NULL, NULL, NULL, NULL, NULL, NULL, NULL, NULL, NULL, NULL, NULL, NULL, NULL, NULL, NULL, NULL, NULL, NULL, NULL, NULL, NULL, NULL, 'off', 'off', 'off', NULL, NULL, NULL, NULL, NULL, NULL, NULL, NULL, NULL, NULL, 'off'),
	(1, 'limo2', 'default', '', NULL, NULL, NULL, NULL, NULL, NULL, NULL, NULL, NULL, NULL, NULL, NULL, NULL, NULL, NULL, NULL, NULL, NULL, NULL, NULL, NULL, NULL, NULL, NULL, NULL, NULL, NULL, 'off', 'off', 'off', NULL, NULL, NULL, NULL, NULL, NULL, NULL, NULL, NULL, NULL, 'off'),
	(1, 'lykan', 'default', '', NULL, NULL, NULL, NULL, NULL, NULL, NULL, NULL, NULL, NULL, NULL, NULL, NULL, NULL, NULL, NULL, NULL, NULL, NULL, NULL, NULL, NULL, NULL, NULL, NULL, NULL, NULL, 'off', 'off', 'off', NULL, NULL, NULL, NULL, NULL, NULL, NULL, NULL, NULL, NULL, 'off'),
	(1, 'massacro', 'default', '', NULL, NULL, NULL, NULL, NULL, NULL, NULL, NULL, NULL, NULL, NULL, NULL, NULL, NULL, NULL, NULL, NULL, NULL, NULL, NULL, NULL, NULL, NULL, NULL, NULL, NULL, NULL, 'off', 'off', 'off', NULL, NULL, NULL, NULL, NULL, NULL, NULL, NULL, NULL, NULL, 'off'),
	(1, 'monster', 'default', '', NULL, NULL, NULL, NULL, NULL, NULL, NULL, NULL, NULL, NULL, NULL, NULL, NULL, NULL, NULL, NULL, NULL, NULL, NULL, NULL, NULL, NULL, NULL, NULL, NULL, NULL, NULL, 'off', 'off', 'off', NULL, NULL, NULL, NULL, NULL, NULL, NULL, NULL, NULL, NULL, 'off'),
	(1, 'mvisiongt', 'default', '', NULL, NULL, NULL, NULL, NULL, NULL, NULL, NULL, NULL, NULL, NULL, NULL, NULL, NULL, NULL, NULL, NULL, NULL, NULL, NULL, NULL, NULL, NULL, NULL, NULL, NULL, NULL, 'off', 'off', 'off', NULL, NULL, NULL, NULL, NULL, NULL, NULL, NULL, NULL, NULL, 'off'),
	(1, 'osiris', 'default', '', NULL, NULL, NULL, NULL, NULL, NULL, NULL, NULL, NULL, NULL, NULL, NULL, NULL, NULL, NULL, NULL, NULL, NULL, NULL, NULL, NULL, NULL, NULL, NULL, NULL, NULL, NULL, 'off', 'off', 'off', NULL, NULL, NULL, NULL, NULL, NULL, NULL, NULL, NULL, NULL, 'off'),
	(1, 'pigalle', 'default', '', NULL, NULL, NULL, NULL, NULL, NULL, NULL, NULL, NULL, NULL, NULL, NULL, NULL, NULL, NULL, NULL, NULL, NULL, NULL, NULL, NULL, NULL, NULL, NULL, NULL, NULL, NULL, 'off', 'off', 'off', NULL, NULL, NULL, NULL, NULL, NULL, NULL, NULL, NULL, NULL, 'off'),
	(1, 'polf430', 'default', '', NULL, NULL, NULL, NULL, NULL, NULL, NULL, NULL, NULL, NULL, NULL, NULL, NULL, NULL, NULL, NULL, NULL, NULL, NULL, NULL, NULL, NULL, NULL, NULL, NULL, NULL, NULL, 'off', 'off', 'off', NULL, NULL, NULL, NULL, NULL, NULL, NULL, NULL, NULL, NULL, 'off'),
	(1, 'police', 'default', '', NULL, NULL, NULL, NULL, NULL, NULL, NULL, NULL, NULL, NULL, NULL, NULL, NULL, NULL, NULL, NULL, NULL, NULL, NULL, NULL, NULL, NULL, NULL, NULL, NULL, NULL, NULL, 'off', 'off', 'off', NULL, NULL, NULL, NULL, NULL, NULL, NULL, NULL, NULL, NULL, 'off'),
	(1, 'police2', 'default', '', NULL, NULL, NULL, NULL, NULL, NULL, NULL, NULL, NULL, NULL, NULL, NULL, NULL, NULL, NULL, NULL, NULL, NULL, NULL, NULL, NULL, NULL, NULL, NULL, NULL, NULL, NULL, 'off', 'off', 'off', NULL, NULL, NULL, NULL, NULL, NULL, NULL, NULL, NULL, NULL, 'off'),
	(1, 'police3', 'default', '', NULL, NULL, NULL, NULL, NULL, NULL, NULL, NULL, NULL, NULL, NULL, NULL, NULL, NULL, NULL, NULL, NULL, NULL, NULL, NULL, NULL, NULL, NULL, NULL, NULL, NULL, NULL, 'off', 'off', 'off', NULL, NULL, NULL, NULL, NULL, NULL, NULL, NULL, NULL, NULL, 'off'),
	(1, 'police4', 'default', '', NULL, NULL, NULL, NULL, NULL, NULL, NULL, NULL, NULL, NULL, NULL, NULL, NULL, NULL, NULL, NULL, NULL, NULL, NULL, NULL, NULL, NULL, NULL, NULL, NULL, NULL, NULL, 'off', 'off', 'off', NULL, NULL, NULL, NULL, NULL, NULL, NULL, NULL, NULL, NULL, 'off'),
	(1, 'police5', 'default', '', NULL, NULL, NULL, NULL, NULL, NULL, NULL, NULL, NULL, NULL, NULL, NULL, NULL, NULL, NULL, NULL, NULL, NULL, NULL, NULL, NULL, NULL, NULL, NULL, NULL, NULL, NULL, 'off', 'off', 'off', NULL, NULL, NULL, NULL, NULL, NULL, NULL, NULL, NULL, NULL, 'off'),
	(1, 'police6', 'default', '', NULL, NULL, NULL, NULL, NULL, NULL, NULL, NULL, NULL, NULL, NULL, NULL, NULL, NULL, NULL, NULL, NULL, NULL, NULL, NULL, NULL, NULL, NULL, NULL, NULL, NULL, NULL, 'off', 'off', 'off', NULL, NULL, NULL, NULL, NULL, NULL, NULL, NULL, NULL, NULL, 'off'),
	(1, 'police7', 'default', '', NULL, NULL, NULL, NULL, NULL, NULL, NULL, NULL, NULL, NULL, NULL, NULL, NULL, NULL, NULL, NULL, NULL, NULL, NULL, NULL, NULL, NULL, NULL, NULL, NULL, NULL, NULL, 'off', 'off', 'off', NULL, NULL, NULL, NULL, NULL, NULL, NULL, NULL, NULL, NULL, 'off'),
	(1, 'police8', 'default', '', NULL, NULL, NULL, NULL, NULL, NULL, NULL, NULL, NULL, NULL, NULL, NULL, NULL, NULL, NULL, NULL, NULL, NULL, NULL, NULL, NULL, NULL, NULL, NULL, NULL, NULL, NULL, 'off', 'off', 'off', NULL, NULL, NULL, NULL, NULL, NULL, NULL, NULL, NULL, NULL, 'off'),
	(1, 'policeb', 'default', '', NULL, NULL, NULL, NULL, NULL, NULL, NULL, NULL, NULL, NULL, NULL, NULL, NULL, NULL, NULL, NULL, NULL, NULL, NULL, NULL, NULL, NULL, NULL, NULL, NULL, NULL, NULL, 'off', 'off', 'off', NULL, NULL, NULL, NULL, NULL, NULL, NULL, NULL, NULL, NULL, 'off'),
	(1, 'policet', 'default', '', NULL, NULL, NULL, NULL, NULL, NULL, NULL, NULL, NULL, NULL, NULL, NULL, NULL, NULL, NULL, NULL, NULL, NULL, NULL, NULL, NULL, NULL, NULL, NULL, NULL, NULL, NULL, 'off', 'off', 'off', NULL, NULL, NULL, NULL, NULL, NULL, NULL, NULL, NULL, NULL, 'off'),
	(1, 'polmav', 'default', '', NULL, NULL, NULL, NULL, NULL, NULL, NULL, NULL, NULL, NULL, NULL, NULL, NULL, NULL, NULL, NULL, NULL, NULL, NULL, NULL, NULL, NULL, NULL, NULL, NULL, NULL, NULL, 'off', 'off', 'off', NULL, NULL, NULL, NULL, NULL, NULL, NULL, NULL, NULL, NULL, 'off'),
	(1, 'prototipo', 'default', '', NULL, NULL, NULL, NULL, NULL, NULL, NULL, NULL, NULL, NULL, NULL, NULL, NULL, NULL, NULL, NULL, NULL, NULL, NULL, NULL, NULL, NULL, NULL, NULL, NULL, NULL, NULL, 'off', 'off', 'off', NULL, NULL, NULL, NULL, NULL, NULL, NULL, NULL, NULL, NULL, 'off'),
	(1, 'r8ppi', 'default', '', NULL, NULL, NULL, NULL, NULL, NULL, NULL, NULL, NULL, NULL, NULL, NULL, NULL, NULL, NULL, NULL, NULL, NULL, NULL, NULL, NULL, NULL, NULL, NULL, NULL, NULL, NULL, 'off', 'off', 'off', NULL, NULL, NULL, NULL, NULL, NULL, NULL, NULL, NULL, NULL, 'off'),
	(1, 'reaper', 'default', '', NULL, NULL, NULL, NULL, NULL, NULL, NULL, NULL, NULL, NULL, NULL, NULL, NULL, NULL, NULL, NULL, NULL, NULL, NULL, NULL, NULL, NULL, NULL, NULL, NULL, NULL, NULL, 'off', 'off', 'off', NULL, NULL, NULL, NULL, NULL, NULL, NULL, NULL, NULL, NULL, 'off'),
	(1, 'rebel2', 'default', '', NULL, NULL, NULL, NULL, NULL, NULL, NULL, NULL, NULL, NULL, NULL, NULL, NULL, NULL, NULL, NULL, NULL, NULL, NULL, NULL, NULL, NULL, NULL, NULL, NULL, NULL, NULL, 'off', 'off', 'off', NULL, NULL, NULL, NULL, NULL, NULL, NULL, NULL, NULL, NULL, 'off'),
	(1, 'rs6', 'default', '', NULL, NULL, NULL, NULL, NULL, NULL, NULL, NULL, NULL, NULL, NULL, NULL, NULL, NULL, NULL, NULL, NULL, NULL, NULL, NULL, NULL, NULL, NULL, NULL, NULL, NULL, NULL, 'off', 'off', 'off', NULL, NULL, NULL, NULL, NULL, NULL, NULL, NULL, NULL, NULL, 'off'),
	(1, 'sandking', 'default', '', NULL, NULL, NULL, NULL, NULL, NULL, NULL, NULL, NULL, NULL, NULL, NULL, NULL, NULL, NULL, NULL, NULL, NULL, NULL, NULL, NULL, NULL, NULL, NULL, NULL, NULL, NULL, 'off', 'off', 'off', NULL, NULL, NULL, NULL, NULL, NULL, NULL, NULL, NULL, NULL, 'off'),
	(1, 'sentinel', 'default', '', NULL, NULL, NULL, NULL, NULL, NULL, NULL, NULL, NULL, NULL, NULL, NULL, NULL, NULL, NULL, NULL, NULL, NULL, NULL, NULL, NULL, NULL, NULL, NULL, NULL, NULL, NULL, 'off', 'off', 'off', NULL, NULL, NULL, NULL, NULL, NULL, NULL, NULL, NULL, NULL, 'off'),
	(1, 'sheava', 'default', '', NULL, NULL, NULL, NULL, NULL, NULL, NULL, NULL, NULL, NULL, NULL, NULL, NULL, NULL, NULL, NULL, NULL, NULL, NULL, NULL, NULL, NULL, NULL, NULL, NULL, NULL, NULL, 'off', 'off', 'off', NULL, NULL, NULL, NULL, NULL, NULL, NULL, NULL, NULL, NULL, 'off'),
	(1, 'sheriff', 'default', '', NULL, NULL, NULL, NULL, NULL, NULL, NULL, NULL, NULL, NULL, NULL, NULL, NULL, NULL, NULL, NULL, NULL, NULL, NULL, NULL, NULL, NULL, NULL, NULL, NULL, NULL, NULL, 'off', 'off', 'off', NULL, NULL, NULL, NULL, NULL, NULL, NULL, NULL, NULL, NULL, 'off'),
	(1, 'sheriff2', 'default', '', NULL, NULL, NULL, NULL, NULL, NULL, NULL, NULL, NULL, NULL, NULL, NULL, NULL, NULL, NULL, NULL, NULL, NULL, NULL, NULL, NULL, NULL, NULL, NULL, NULL, NULL, NULL, 'off', 'off', 'off', NULL, NULL, NULL, NULL, NULL, NULL, NULL, NULL, NULL, NULL, 'off'),
	(1, 'sheriff3', 'default', '', NULL, NULL, NULL, NULL, NULL, NULL, NULL, NULL, NULL, NULL, NULL, NULL, NULL, NULL, NULL, NULL, NULL, NULL, NULL, NULL, NULL, NULL, NULL, NULL, NULL, NULL, NULL, 'off', 'off', 'off', NULL, NULL, NULL, NULL, NULL, NULL, NULL, NULL, NULL, NULL, 'off'),
	(1, 'state_bike', 'default', '', NULL, NULL, NULL, NULL, NULL, NULL, NULL, NULL, NULL, NULL, NULL, NULL, NULL, NULL, NULL, NULL, NULL, NULL, NULL, NULL, NULL, NULL, NULL, NULL, NULL, NULL, NULL, 'off', 'off', 'off', NULL, NULL, NULL, NULL, NULL, NULL, NULL, NULL, NULL, NULL, 'off'),
	(1, 'state_charger', 'default', '', NULL, NULL, NULL, NULL, NULL, NULL, NULL, NULL, NULL, NULL, NULL, NULL, NULL, NULL, NULL, NULL, NULL, NULL, NULL, NULL, NULL, NULL, NULL, NULL, NULL, NULL, NULL, 'off', 'off', 'off', NULL, NULL, NULL, NULL, NULL, NULL, NULL, NULL, NULL, NULL, 'off'),
	(1, 'state_crownvic', 'default', '', NULL, NULL, NULL, NULL, NULL, NULL, NULL, NULL, NULL, NULL, NULL, NULL, NULL, NULL, NULL, NULL, NULL, NULL, NULL, NULL, NULL, NULL, NULL, NULL, NULL, NULL, NULL, 'off', 'off', 'off', NULL, NULL, NULL, NULL, NULL, NULL, NULL, NULL, NULL, NULL, 'off'),
	(1, 'stinger', 'default', '', NULL, NULL, NULL, NULL, NULL, NULL, NULL, NULL, NULL, NULL, NULL, NULL, NULL, NULL, NULL, NULL, NULL, NULL, NULL, NULL, NULL, NULL, NULL, NULL, NULL, NULL, NULL, 'off', 'off', 'off', NULL, NULL, NULL, NULL, NULL, NULL, NULL, NULL, NULL, NULL, 'off'),
	(1, 'stingergt', 'default', '', NULL, NULL, NULL, NULL, NULL, NULL, NULL, NULL, NULL, NULL, NULL, NULL, NULL, NULL, NULL, NULL, NULL, NULL, NULL, NULL, NULL, NULL, NULL, NULL, NULL, NULL, NULL, 'off', 'off', 'off', NULL, NULL, NULL, NULL, NULL, NULL, NULL, NULL, NULL, NULL, 'off'),
	(1, 'stockade', 'default', '', NULL, NULL, NULL, NULL, NULL, NULL, NULL, NULL, NULL, NULL, NULL, NULL, NULL, NULL, NULL, NULL, NULL, NULL, NULL, NULL, NULL, NULL, NULL, NULL, NULL, NULL, NULL, 'off', 'off', 'off', NULL, NULL, NULL, NULL, NULL, NULL, NULL, NULL, NULL, NULL, 'off'),
	(1, 'sultanrs', 'default', '', NULL, NULL, NULL, NULL, NULL, NULL, NULL, NULL, NULL, NULL, NULL, NULL, NULL, NULL, NULL, NULL, NULL, NULL, NULL, NULL, NULL, NULL, NULL, NULL, NULL, NULL, NULL, 'off', 'off', 'off', NULL, NULL, NULL, NULL, NULL, NULL, NULL, NULL, NULL, NULL, 'off'),
	(1, 't20', 'default', '', NULL, NULL, NULL, NULL, NULL, NULL, NULL, NULL, NULL, NULL, NULL, NULL, NULL, NULL, NULL, NULL, NULL, NULL, NULL, NULL, NULL, NULL, NULL, NULL, NULL, NULL, NULL, 'off', 'off', 'off', NULL, NULL, NULL, NULL, NULL, NULL, NULL, NULL, NULL, NULL, 'off'),
	(1, 'towtruck2', 'default', '', NULL, NULL, NULL, NULL, NULL, NULL, NULL, NULL, NULL, NULL, NULL, NULL, NULL, NULL, NULL, NULL, NULL, NULL, NULL, NULL, NULL, NULL, NULL, NULL, NULL, NULL, NULL, 'off', 'off', 'off', NULL, NULL, NULL, NULL, NULL, NULL, NULL, NULL, NULL, NULL, 'off'),
	(1, 'tyrus', 'default', '', NULL, NULL, NULL, NULL, NULL, NULL, NULL, NULL, NULL, NULL, NULL, NULL, NULL, NULL, NULL, NULL, NULL, NULL, NULL, NULL, NULL, NULL, NULL, NULL, NULL, NULL, NULL, 'off', 'off', 'off', NULL, NULL, NULL, NULL, NULL, NULL, NULL, NULL, NULL, NULL, 'off'),
	(1, 'utillitruck3', 'default', '', NULL, NULL, NULL, NULL, NULL, NULL, NULL, NULL, NULL, NULL, NULL, NULL, NULL, NULL, NULL, NULL, NULL, NULL, NULL, NULL, NULL, NULL, NULL, NULL, NULL, NULL, NULL, 'off', 'off', 'off', NULL, NULL, NULL, NULL, NULL, NULL, NULL, NULL, NULL, NULL, 'off'),
	(1, 'voltic', 'default', '', NULL, NULL, NULL, NULL, NULL, NULL, NULL, NULL, NULL, NULL, NULL, NULL, NULL, NULL, NULL, NULL, NULL, NULL, NULL, NULL, NULL, NULL, NULL, NULL, NULL, NULL, NULL, 'off', 'off', 'off', NULL, NULL, NULL, NULL, NULL, NULL, NULL, NULL, NULL, NULL, 'off'),
	(1, 'zentorno', 'default', '', NULL, NULL, NULL, NULL, NULL, NULL, NULL, NULL, NULL, NULL, NULL, NULL, NULL, NULL, NULL, NULL, NULL, NULL, NULL, NULL, NULL, NULL, NULL, NULL, NULL, NULL, NULL, 'off', 'off', 'off', NULL, NULL, NULL, NULL, NULL, NULL, NULL, NULL, NULL, NULL, 'off'),
	(1, 'ztype', 'default', '', NULL, NULL, NULL, NULL, NULL, NULL, NULL, NULL, NULL, NULL, NULL, NULL, NULL, NULL, NULL, NULL, NULL, NULL, NULL, NULL, NULL, NULL, NULL, NULL, NULL, NULL, NULL, 'off', 'off', 'off', NULL, NULL, NULL, NULL, NULL, NULL, NULL, NULL, NULL, NULL, 'off'),
	(3, 'blade', 'default', '', NULL, NULL, NULL, NULL, NULL, NULL, NULL, NULL, NULL, NULL, NULL, NULL, NULL, NULL, NULL, NULL, NULL, NULL, NULL, NULL, NULL, NULL, NULL, NULL, NULL, NULL, NULL, 'off', 'off', 'off', NULL, NULL, NULL, NULL, NULL, NULL, NULL, NULL, NULL, NULL, 'off'),
	(3, 'buccaneer', 'default', '', NULL, NULL, NULL, NULL, NULL, NULL, NULL, NULL, NULL, NULL, NULL, NULL, NULL, NULL, NULL, NULL, NULL, NULL, NULL, NULL, NULL, NULL, NULL, NULL, NULL, NULL, NULL, 'off', 'off', 'off', NULL, NULL, NULL, NULL, NULL, NULL, NULL, NULL, NULL, NULL, 'off'),
	(3, 'cognoscenti2', 'default', '', NULL, NULL, NULL, NULL, NULL, NULL, NULL, NULL, NULL, NULL, NULL, NULL, NULL, NULL, NULL, NULL, NULL, NULL, NULL, NULL, NULL, NULL, NULL, NULL, NULL, NULL, NULL, 'off', 'off', 'off', NULL, NULL, NULL, NULL, NULL, NULL, NULL, NULL, NULL, NULL, 'off'),
	(3, 'fbi', 'default', '', NULL, NULL, NULL, NULL, NULL, NULL, NULL, NULL, NULL, NULL, NULL, NULL, NULL, NULL, NULL, NULL, NULL, NULL, NULL, NULL, NULL, NULL, NULL, NULL, NULL, NULL, NULL, 'off', 'off', 'off', NULL, NULL, NULL, NULL, NULL, NULL, NULL, NULL, NULL, NULL, 'off'),
	(3, 'fbi2', 'default', '', NULL, NULL, NULL, NULL, NULL, NULL, NULL, NULL, NULL, NULL, NULL, NULL, NULL, NULL, NULL, NULL, NULL, NULL, NULL, NULL, NULL, NULL, NULL, NULL, NULL, NULL, NULL, 'off', 'off', 'off', NULL, NULL, NULL, NULL, NULL, NULL, NULL, NULL, NULL, NULL, 'off'),
	(3, 'hwaycar', 'default', '', NULL, NULL, NULL, NULL, NULL, NULL, NULL, NULL, NULL, NULL, NULL, NULL, NULL, NULL, NULL, NULL, NULL, NULL, NULL, NULL, NULL, NULL, NULL, NULL, NULL, NULL, NULL, 'off', 'off', 'off', NULL, NULL, NULL, NULL, NULL, NULL, NULL, NULL, NULL, NULL, 'off'),
	(3, 'hwaycar10', 'default', '', NULL, NULL, NULL, NULL, NULL, NULL, NULL, NULL, NULL, NULL, NULL, NULL, NULL, NULL, NULL, NULL, NULL, NULL, NULL, NULL, NULL, NULL, NULL, NULL, NULL, NULL, NULL, 'off', 'off', 'off', NULL, NULL, NULL, NULL, NULL, NULL, NULL, NULL, NULL, NULL, 'off'),
	(3, 'hwaycar2', 'default', '', NULL, NULL, NULL, NULL, NULL, NULL, NULL, NULL, NULL, NULL, NULL, NULL, NULL, NULL, NULL, NULL, NULL, NULL, NULL, NULL, NULL, NULL, NULL, NULL, NULL, NULL, NULL, 'off', 'off', 'off', NULL, NULL, NULL, NULL, NULL, NULL, NULL, NULL, NULL, NULL, 'off'),
	(3, 'hwaycar3', 'default', '', NULL, NULL, NULL, NULL, NULL, NULL, NULL, NULL, NULL, NULL, NULL, NULL, NULL, NULL, NULL, NULL, NULL, NULL, NULL, NULL, NULL, NULL, NULL, NULL, NULL, NULL, NULL, 'off', 'off', 'off', NULL, NULL, NULL, NULL, NULL, NULL, NULL, NULL, NULL, NULL, 'off'),
	(3, 'hwaycar5', 'default', '', NULL, NULL, NULL, NULL, NULL, NULL, NULL, NULL, NULL, NULL, NULL, NULL, NULL, NULL, NULL, NULL, NULL, NULL, NULL, NULL, NULL, NULL, NULL, NULL, NULL, NULL, NULL, 'off', 'off', 'off', NULL, NULL, NULL, NULL, NULL, NULL, NULL, NULL, NULL, NULL, 'off'),
	(3, 'hwaycar6', 'default', '', NULL, NULL, NULL, NULL, NULL, NULL, NULL, NULL, NULL, NULL, NULL, NULL, NULL, NULL, NULL, NULL, NULL, NULL, NULL, NULL, NULL, NULL, NULL, NULL, NULL, NULL, NULL, 'off', 'off', 'off', NULL, NULL, NULL, NULL, NULL, NULL, NULL, NULL, NULL, NULL, 'off'),
	(3, 'hwaycar7', 'default', '', NULL, NULL, NULL, NULL, NULL, NULL, NULL, NULL, NULL, NULL, NULL, NULL, NULL, NULL, NULL, NULL, NULL, NULL, NULL, NULL, NULL, NULL, NULL, NULL, NULL, NULL, NULL, 'off', 'off', 'off', NULL, NULL, NULL, NULL, NULL, NULL, NULL, NULL, NULL, NULL, 'off'),
	(3, 'hwaycar8', 'default', '', NULL, NULL, NULL, NULL, NULL, NULL, NULL, NULL, NULL, NULL, NULL, NULL, NULL, NULL, NULL, NULL, NULL, NULL, NULL, NULL, NULL, NULL, NULL, NULL, NULL, NULL, NULL, 'off', 'off', 'off', NULL, NULL, NULL, NULL, NULL, NULL, NULL, NULL, NULL, NULL, 'off'),
	(3, 'hwaycar9', 'default', '', NULL, NULL, NULL, NULL, NULL, NULL, NULL, NULL, NULL, NULL, NULL, NULL, NULL, NULL, NULL, NULL, NULL, NULL, NULL, NULL, NULL, NULL, NULL, NULL, NULL, NULL, NULL, 'off', 'off', 'off', NULL, NULL, NULL, NULL, NULL, NULL, NULL, NULL, NULL, NULL, 'off'),
	(3, 'police', 'default', '', NULL, NULL, NULL, NULL, NULL, NULL, NULL, NULL, NULL, NULL, NULL, NULL, NULL, NULL, NULL, NULL, NULL, NULL, NULL, NULL, NULL, NULL, NULL, NULL, NULL, NULL, NULL, 'off', 'off', 'off', NULL, NULL, NULL, NULL, NULL, NULL, NULL, NULL, NULL, NULL, 'off'),
	(3, 'police2', 'default', '', NULL, NULL, NULL, NULL, NULL, NULL, NULL, NULL, NULL, NULL, NULL, NULL, NULL, NULL, NULL, NULL, NULL, NULL, NULL, NULL, NULL, NULL, NULL, NULL, NULL, NULL, NULL, 'off', 'off', 'off', NULL, NULL, NULL, NULL, NULL, NULL, NULL, NULL, NULL, NULL, 'off'),
	(3, 'police3', 'default', '', NULL, NULL, NULL, NULL, NULL, NULL, NULL, NULL, NULL, NULL, NULL, NULL, NULL, NULL, NULL, NULL, NULL, NULL, NULL, NULL, NULL, NULL, NULL, NULL, NULL, NULL, NULL, 'off', 'off', 'off', NULL, NULL, NULL, NULL, NULL, NULL, NULL, NULL, NULL, NULL, 'off'),
	(3, 'police4', 'default', '', NULL, NULL, NULL, NULL, NULL, NULL, NULL, NULL, NULL, NULL, NULL, NULL, NULL, NULL, NULL, NULL, NULL, NULL, NULL, NULL, NULL, NULL, NULL, NULL, NULL, NULL, NULL, 'off', 'off', 'off', NULL, NULL, NULL, NULL, NULL, NULL, NULL, NULL, NULL, NULL, 'off'),
	(3, 'police5', 'default', '', NULL, NULL, NULL, NULL, NULL, NULL, NULL, NULL, NULL, NULL, NULL, NULL, NULL, NULL, NULL, NULL, NULL, NULL, NULL, NULL, NULL, NULL, NULL, NULL, NULL, NULL, NULL, 'off', 'off', 'off', NULL, NULL, NULL, NULL, NULL, NULL, NULL, NULL, NULL, NULL, 'off'),
	(3, 'police6', 'default', '', NULL, NULL, NULL, NULL, NULL, NULL, NULL, NULL, NULL, NULL, NULL, NULL, NULL, NULL, NULL, NULL, NULL, NULL, NULL, NULL, NULL, NULL, NULL, NULL, NULL, NULL, NULL, 'off', 'off', 'off', NULL, NULL, NULL, NULL, NULL, NULL, NULL, NULL, NULL, NULL, 'off'),
	(3, 'police7', 'default', '', NULL, NULL, NULL, NULL, NULL, NULL, NULL, NULL, NULL, NULL, NULL, NULL, NULL, NULL, NULL, NULL, NULL, NULL, NULL, NULL, NULL, NULL, NULL, NULL, NULL, NULL, NULL, 'off', 'off', 'off', NULL, NULL, NULL, NULL, NULL, NULL, NULL, NULL, NULL, NULL, 'off'),
	(3, 'police8', 'default', '', NULL, NULL, NULL, NULL, NULL, NULL, NULL, NULL, NULL, NULL, NULL, NULL, NULL, NULL, NULL, NULL, NULL, NULL, NULL, NULL, NULL, NULL, NULL, NULL, NULL, NULL, NULL, 'off', 'off', 'off', NULL, NULL, NULL, NULL, NULL, NULL, NULL, NULL, NULL, NULL, 'off'),
	(3, 'policeb', 'default', '', NULL, NULL, NULL, NULL, NULL, NULL, NULL, NULL, NULL, NULL, NULL, NULL, NULL, NULL, NULL, NULL, NULL, NULL, NULL, NULL, NULL, NULL, NULL, NULL, NULL, NULL, NULL, 'off', 'off', 'off', NULL, NULL, NULL, NULL, NULL, NULL, NULL, NULL, NULL, NULL, 'off'),
	(3, 'policet', 'default', '', NULL, NULL, NULL, NULL, NULL, NULL, NULL, NULL, NULL, NULL, NULL, NULL, NULL, NULL, NULL, NULL, NULL, NULL, NULL, NULL, NULL, NULL, NULL, NULL, NULL, NULL, NULL, 'off', 'off', 'off', NULL, NULL, NULL, NULL, NULL, NULL, NULL, NULL, NULL, NULL, 'off'),
	(3, 'polmav', 'default', '', NULL, NULL, NULL, NULL, NULL, NULL, NULL, NULL, NULL, NULL, NULL, NULL, NULL, NULL, NULL, NULL, NULL, NULL, NULL, NULL, NULL, NULL, NULL, NULL, NULL, NULL, NULL, 'off', 'off', 'off', NULL, NULL, NULL, NULL, NULL, NULL, NULL, NULL, NULL, NULL, 'off'),
	(3, 'r8ppi', 'default', '', NULL, NULL, NULL, NULL, NULL, NULL, NULL, NULL, NULL, NULL, NULL, NULL, NULL, NULL, NULL, NULL, NULL, NULL, NULL, NULL, NULL, NULL, NULL, NULL, NULL, NULL, NULL, 'off', 'off', 'off', NULL, NULL, NULL, NULL, NULL, NULL, NULL, NULL, NULL, NULL, 'off'),
	(3, 'sabregt', 'default', '', NULL, NULL, NULL, NULL, NULL, NULL, NULL, NULL, NULL, NULL, NULL, NULL, NULL, NULL, NULL, NULL, NULL, NULL, NULL, NULL, NULL, NULL, NULL, NULL, NULL, NULL, NULL, 'off', 'off', 'off', NULL, NULL, NULL, NULL, NULL, NULL, NULL, NULL, NULL, NULL, 'off'),
	(3, 'sheriff', 'default', '', NULL, NULL, NULL, NULL, NULL, NULL, NULL, NULL, NULL, NULL, NULL, NULL, NULL, NULL, NULL, NULL, NULL, NULL, NULL, NULL, NULL, NULL, NULL, NULL, NULL, NULL, NULL, 'off', 'off', 'off', NULL, NULL, NULL, NULL, NULL, NULL, NULL, NULL, NULL, NULL, 'off'),
	(3, 'sheriff2', 'default', '', NULL, NULL, NULL, NULL, NULL, NULL, NULL, NULL, NULL, NULL, NULL, NULL, NULL, NULL, NULL, NULL, NULL, NULL, NULL, NULL, NULL, NULL, NULL, NULL, NULL, NULL, NULL, 'off', 'off', 'off', NULL, NULL, NULL, NULL, NULL, NULL, NULL, NULL, NULL, NULL, 'off'),
	(3, 'sheriff3', 'default', '', NULL, NULL, NULL, NULL, NULL, NULL, NULL, NULL, NULL, NULL, NULL, NULL, NULL, NULL, NULL, NULL, NULL, NULL, NULL, NULL, NULL, NULL, NULL, NULL, NULL, NULL, NULL, 'off', 'off', 'off', NULL, NULL, NULL, NULL, NULL, NULL, NULL, NULL, NULL, NULL, 'off'),
	(3, 'vigero', 'default', '', NULL, NULL, NULL, NULL, NULL, NULL, NULL, NULL, NULL, NULL, NULL, NULL, NULL, NULL, NULL, NULL, NULL, NULL, NULL, NULL, NULL, NULL, NULL, NULL, NULL, NULL, NULL, 'off', 'off', 'off', NULL, NULL, NULL, NULL, NULL, NULL, NULL, NULL, NULL, NULL, 'off'),
	(3, 'ztype', 'default', '', NULL, NULL, NULL, NULL, NULL, NULL, NULL, NULL, NULL, NULL, NULL, NULL, NULL, NULL, NULL, NULL, NULL, NULL, NULL, NULL, NULL, NULL, NULL, NULL, NULL, NULL, NULL, 'off', 'off', 'off', NULL, NULL, NULL, NULL, NULL, NULL, NULL, NULL, NULL, NULL, 'off'),
	(13, 'Ambulance', 'default', '', NULL, NULL, NULL, NULL, NULL, NULL, NULL, NULL, NULL, NULL, NULL, NULL, NULL, NULL, NULL, NULL, NULL, NULL, NULL, NULL, NULL, NULL, NULL, NULL, NULL, NULL, NULL, 'off', 'off', 'off', NULL, NULL, NULL, NULL, NULL, NULL, NULL, NULL, NULL, NULL, 'off'),
	(13, 'bati', 'default', '', NULL, NULL, NULL, NULL, NULL, NULL, NULL, NULL, NULL, NULL, NULL, NULL, NULL, NULL, NULL, NULL, NULL, NULL, NULL, NULL, NULL, NULL, NULL, NULL, NULL, NULL, NULL, 'off', 'off', 'off', NULL, NULL, NULL, NULL, NULL, NULL, NULL, NULL, NULL, NULL, 'off'),
	(13, 'hwaycar4', 'default', '', NULL, NULL, NULL, NULL, NULL, NULL, NULL, NULL, NULL, NULL, NULL, NULL, NULL, NULL, NULL, NULL, NULL, NULL, NULL, NULL, NULL, NULL, NULL, NULL, NULL, NULL, NULL, 'off', 'off', 'off', NULL, NULL, NULL, NULL, NULL, NULL, NULL, NULL, NULL, NULL, 'off'),
	(13, 'mvisiongt', 'default', '', NULL, NULL, NULL, NULL, NULL, NULL, NULL, NULL, NULL, NULL, NULL, NULL, NULL, NULL, NULL, NULL, NULL, NULL, NULL, NULL, NULL, NULL, NULL, NULL, NULL, NULL, NULL, 'off', 'off', 'off', NULL, NULL, NULL, NULL, NULL, NULL, NULL, NULL, NULL, NULL, 'off'),
	(13, 'r8ppi', 'default', '', NULL, NULL, NULL, NULL, NULL, NULL, NULL, NULL, NULL, NULL, NULL, NULL, NULL, NULL, NULL, NULL, NULL, NULL, NULL, NULL, NULL, NULL, NULL, NULL, NULL, NULL, NULL, 'off', 'off', 'off', NULL, NULL, NULL, NULL, NULL, NULL, NULL, NULL, NULL, NULL, 'off'),
	(13, 'rs6', 'default', '', NULL, NULL, NULL, NULL, NULL, NULL, NULL, NULL, NULL, NULL, NULL, NULL, NULL, NULL, NULL, NULL, NULL, NULL, NULL, NULL, NULL, NULL, NULL, NULL, NULL, NULL, NULL, 'off', 'off', 'off', NULL, NULL, NULL, NULL, NULL, NULL, NULL, NULL, NULL, NULL, 'off'),
	(13, 'sentinel', 'default', '', NULL, NULL, NULL, NULL, NULL, NULL, NULL, NULL, NULL, NULL, NULL, NULL, NULL, NULL, NULL, NULL, NULL, NULL, NULL, NULL, NULL, NULL, NULL, NULL, NULL, NULL, NULL, 'off', 'off', 'off', NULL, NULL, NULL, NULL, NULL, NULL, NULL, NULL, NULL, NULL, 'off'),
	(24, 'fbi', 'default', '', NULL, NULL, NULL, NULL, NULL, NULL, NULL, NULL, NULL, NULL, NULL, NULL, NULL, NULL, NULL, NULL, NULL, NULL, NULL, NULL, NULL, NULL, NULL, NULL, NULL, NULL, NULL, 'off', 'off', 'off', NULL, NULL, NULL, NULL, NULL, NULL, NULL, NULL, NULL, NULL, 'off'),
	(24, 'fbi2', 'default', '', NULL, NULL, NULL, NULL, NULL, NULL, NULL, NULL, NULL, NULL, NULL, NULL, NULL, NULL, NULL, NULL, NULL, NULL, NULL, NULL, NULL, NULL, NULL, NULL, NULL, NULL, NULL, 'off', 'off', 'off', NULL, NULL, NULL, NULL, NULL, NULL, NULL, NULL, NULL, NULL, 'off'),
	(24, 'hwaycar', 'default', '', NULL, NULL, NULL, NULL, NULL, NULL, NULL, NULL, NULL, NULL, NULL, NULL, NULL, NULL, NULL, NULL, NULL, NULL, NULL, NULL, NULL, NULL, NULL, NULL, NULL, NULL, NULL, 'off', 'off', 'off', NULL, NULL, NULL, NULL, NULL, NULL, NULL, NULL, NULL, NULL, 'off'),
	(24, 'hwaycar10', 'default', '', NULL, NULL, NULL, NULL, NULL, NULL, NULL, NULL, NULL, NULL, NULL, NULL, NULL, NULL, NULL, NULL, NULL, NULL, NULL, NULL, NULL, NULL, NULL, NULL, NULL, NULL, NULL, 'off', 'off', 'off', NULL, NULL, NULL, NULL, NULL, NULL, NULL, NULL, NULL, NULL, 'off'),
	(24, 'hwaycar7', 'default', '', NULL, NULL, NULL, NULL, NULL, NULL, NULL, NULL, NULL, NULL, NULL, NULL, NULL, NULL, NULL, NULL, NULL, NULL, NULL, NULL, NULL, NULL, NULL, NULL, NULL, NULL, NULL, 'off', 'off', 'off', NULL, NULL, NULL, NULL, NULL, NULL, NULL, NULL, NULL, NULL, 'off'),
	(24, 'polmav', 'default', '', NULL, NULL, NULL, NULL, NULL, NULL, NULL, NULL, NULL, NULL, NULL, NULL, NULL, NULL, NULL, NULL, NULL, NULL, NULL, NULL, NULL, NULL, NULL, NULL, NULL, NULL, NULL, 'off', 'off', 'off', NULL, NULL, NULL, NULL, NULL, NULL, NULL, NULL, NULL, NULL, 'off'),
	(36, 'rs6', 'default', '', NULL, NULL, NULL, NULL, NULL, NULL, NULL, NULL, NULL, NULL, NULL, NULL, NULL, NULL, NULL, NULL, NULL, NULL, NULL, NULL, NULL, NULL, NULL, NULL, NULL, NULL, NULL, 'off', 'off', 'off', NULL, NULL, NULL, NULL, NULL, NULL, NULL, NULL, NULL, NULL, 'off');
/*!40000 ALTER TABLE `vrp_user_vehicles` ENABLE KEYS */;

/*!40101 SET SQL_MODE=IFNULL(@OLD_SQL_MODE, '') */;
/*!40014 SET FOREIGN_KEY_CHECKS=IF(@OLD_FOREIGN_KEY_CHECKS IS NULL, 1, @OLD_FOREIGN_KEY_CHECKS) */;
/*!40101 SET CHARACTER_SET_CLIENT=@OLD_CHARACTER_SET_CLIENT */;
